rank,player,team,position,pos_rank,round,tier,xp,edge
1,Haaland,MCI,FWD,1,1,1,262.6,149.3
2,B.Fernandes,MUN,MID,1,1,1,257.6,116.1
3,Gabriel,ARS,DEF,1,1,1,251.7,114.3
4,João Pedro,CHE,FWD,2,1,2,193.7,80.3
5,Thiago,BRE,FWD,3,1,3,182.4,69.0
6,Semenyo,MCI,MID,2,1,2,210.1,68.6
7,Bruno G.,ARS,MID,3,1,3,205.0,63.5
8,Guéhi,MCI,DEF,2,1,2,196.8,59.4
9,Watkins,AVL,FWD,4,2,4,172.7,59.3
10,Rice,ARS,MID,4,2,4,196.3,54.9
11,Saka,ARS,MID,5,2,4,195.6,54.1
12,Gibbs-White,NFO,MID,6,2,4,194.3,52.8
13,Dewsbury-Hall,EVE,MID,7,2,5,186.2,44.7
14,O'Reilly,MCI,DEF,3,2,3,181.6,44.2
15,Senesi,TOT,DEF,4,2,3,180.0,42.6
16,Muñoz,CRY,DEF,5,2,3,179.8,42.4
17,Calvert-Lewin,LEE,FWD,5,3,5,155.1,41.7
18,Anderson,MCI,MID,8,3,6,180.9,39.4
19,Virgil,LIV,DEF,6,3,4,176.5,39.1
20,Stach,LEE,MID,9,3,6,180.4,39.0
21,Tarkowski,EVE,DEF,7,3,4,175.2,37.8
22,Wilson,LEE,MID,10,3,6,178.6,37.1
23,Matheus N.,MCI,DEF,8,3,4,174.4,37.0
24,Raya,ARS,GK,1,3,1,168.3,34.4
25,Rogers,CHE,MID,11,4,7,175.0,33.5
26,Gvardiol,MCI,DEF,9,4,5,169.0,31.6
27,Lacroix,CHE,DEF,10,4,5,168.5,31.1
28,Mukiele,SUN,DEF,11,4,5,168.4,31.0
29,Mbeumo,MUN,MID,12,4,7,172.0,30.5
30,Rúben,MCI,DEF,12,4,5,167.5,30.1
31,Rayan,BOU,MID,13,4,7,171.0,29.5
32,Richarlison,TOT,FWD,6,4,6,142.4,29.0
33,Szoboszlai,LIV,MID,14,5,7,170.1,28.6
34,Truffert,BOU,DEF,13,5,5,166.0,28.6
35,Palmer,CHE,MID,15,5,7,168.0,26.5
36,Enzo,CHE,MID,16,5,7,167.0,25.5
37,Ekitiké,LIV,FWD,7,5,6,138.6,25.3
38,Cunha,MUN,MID,17,5,7,166.2,24.7
39,Calafiori,ARS,DEF,14,5,6,161.8,24.4
40,Gyökeres,ARS,FWD,8,5,6,137.3,23.9
41,Mateta,CRY,FWD,9,6,6,136.2,22.8
42,O.Dango,BRE,MID,18,6,8,162.7,21.2
43,Van Hecke,TOT,DEF,15,6,7,156.7,19.3
44,Šeško,MUN,FWD,10,6,6,132.6,19.3
45,Donnarumma,MCI,GK,2,6,2,152.6,18.7
46,Sarr,CRY,MID,19,6,8,160.0,18.6
47,J.Timber,ARS,DEF,16,6,7,155.3,17.9
48,Welbeck,CHE,FWD,11,6,6,130.3,16.9
49,Cherki,MCI,MID,20,7,8,157.2,15.7
50,Groß,BHA,MID,21,7,8,157.1,15.6
51,James,CHE,DEF,17,7,8,152.4,15.0
52,Ballard,SUN,DEF,18,7,8,152.3,14.9
53,E.Le Fée,SUN,MID,22,7,8,155.9,14.4
54,Keane,EVE,DEF,19,7,8,151.4,14.0
55,Bijol,LEE,DEF,20,7,8,151.2,13.8
56,Roefs,SUN,GK,3,7,3,147.6,13.7
57,Kelleher,BRE,GK,4,8,3,147.6,13.7
58,Romero,TOT,DEF,21,8,8,151.0,13.6
59,Maguire,MUN,DEF,22,8,8,150.1,12.7
60,Tavernier,BOU,MID,23,8,8,154.0,12.5
61,Doku,MCI,MID,24,8,8,153.6,12.2
62,Woltemade,NEW,FWD,12,8,6,125.2,11.8
63,Gravenberch,LIV,MID,25,8,8,153.0,11.5
64,Ndiaye,EVE,MID,26,8,8,152.7,11.3
65,Foden,MCI,MID,27,9,8,152.4,11.0
66,Richards,CRY,DEF,23,9,8,148.3,10.9
67,Martinez,AVL,GK,5,9,4,142.8,8.9
68,Evanilson,BOU,FWD,13,9,6,122.0,8.6
69,Osula,NEW,FWD,14,9,6,121.1,7.8
70,Hill,BOU,DEF,24,9,9,145.0,7.6
71,Okafor,LEE,MID,28,9,9,149.0,7.5
72,White,ARS,DEF,25,9,9,144.4,7.0
73,Aina,NFO,DEF,26,10,9,142.0,4.6
74,Ampadu,LEE,MID,29,10,10,145.9,4.4
75,Igor Jesus,NFO,FWD,15,10,6,117.6,4.3
76,Collins,BRE,DEF,27,10,9,141.0,3.6
77,Wirtz,LIV,MID,30,10,10,145.0,3.6
78,Tete,FUL,DEF,28,10,9,140.5,3.1
79,Havertz,ARS,FWD,16,10,7,115.9,2.5
80,Pope,NEW,GK,6,10,5,135.8,1.9
81,Fernandes,TOT,MID,31,11,10,143.1,1.6
82,Pickford,EVE,GK,7,11,5,135.3,1.4
83,Henderson,CRY,GK,8,11,5,135.2,1.3
84,Andersen,FUL,DEF,29,11,9,138.4,1.0
85,Wieffer,BHA,DEF,30,11,9,138.1,0.7
86,Grealish,MCI,MID,32,11,10,142.0,0.6
87,Saliba,ARS,DEF,31,11,9,137.6,0.2
88,Thiaw,NEW,DEF,32,11,9,137.5,0.1
89,Kudus,TOT,MID,33,12,10,141.5,0.0
90,Canvot,CRY,DEF,33,12,9,137.4,0.0
91,A.Becker,LIV,GK,9,12,5,133.9,0.0
92,Brobbey,SUN,FWD,17,12,7,113.4,0.0
93,Neto,CHE,MID,34,12,10,140.8,-0.6
94,Dorgu,MUN,MID,35,12,10,140.4,-1.1
95,Isak,LIV,FWD,18,12,7,112.1,-1.3
96,Scott,BOU,MID,36,12,10,140.1,-1.3
97,Mitchell,CRY,DEF,34,13,10,136.0,-1.4
98,Botman,NEW,DEF,35,13,10,136.0,-1.4
99,Aït-Nouri,MCI,DEF,36,13,10,135.7,-1.7
100,Gakpo,LIV,MID,37,13,10,139.5,-1.9
101,Rulli,MCI,GK,10,13,6,131.8,-2.1
102,Arrizabalaga,ARS,GK,11,13,6,131.6,-2.3
103,Meslier,ARS,GK,12,13,6,131.6,-2.3
104,Xhaka,SUN,MID,38,13,10,139.0,-2.4
105,Alderete,SUN,DEF,37,14,10,134.9,-2.5
106,Horníček,NEW,GK,13,14,6,131.4,-2.5
107,Trafford,LEE,GK,14,14,6,131.3,-2.6
108,Travers,EVE,GK,15,14,6,131.0,-2.9
109,Sessegnon,FUL,DEF,38,14,10,134.3,-3.1
110,Verbruggen,BHA,GK,16,14,6,130.6,-3.3
111,Lammens,MUN,GK,17,14,6,130.3,-3.6
112,Hincapie,ARS,DEF,39,14,10,133.6,-3.8
113,Bettinelli,MCI,GK,18,15,6,129.8,-4.1
114,Penders,CHE,GK,19,15,6,129.7,-4.2
115,Mamardashvili,LIV,GK,20,15,7,129.6,-4.3
116,Valdimarsson,BRE,GK,21,15,7,129.5,-4.4
117,Gillespie,NEW,GK,22,15,7,129.5,-4.4
118,Jaouen,NEW,GK,23,15,7,129.5,-4.4
119,Benitez,CRY,GK,24,15,7,129.4,-4.5
120,Schade,BRE,MID,39,15,11,136.9,-4.6
121,M.Bizot,AVL,GK,25,16,7,129.2,-4.7
122,King,EVE,GK,26,16,7,129.1,-4.8
123,John,NFO,GK,27,16,7,129.1,-4.8
124,Rushworth,COV,GK,28,16,7,129.0,-4.9
125,Wilson,COV,GK,29,16,7,129.0,-4.9
126,Sels,NFO,GK,30,16,8,128.9,-5.0
127,Kinsky,TOT,GK,31,16,8,128.8,-5.1
128,Scherpen,IPS,GK,32,16,8,128.8,-5.1
129,N.Williams,NFO,DEF,40,17,10,132.0,-5.4
130,Iwobi,FUL,MID,40,17,11,135.6,-5.8
131,Beto,EVE,FWD,19,17,7,107.3,-6.0
132,Pedro Porro,TOT,DEF,41,17,10,131.0,-6.4
133,Bassey,FUL,DEF,42,17,10,131.0,-6.4
134,Rashford,MUN,MID,41,17,11,134.8,-6.6
135,Zubimendi,ARS,MID,42,17,11,134.3,-7.1
136,N.Jackson,CHE,FWD,20,17,7,104.3,-9.0
137,Wood,NFO,FWD,21,18,7,104.2,-9.1
138,Eze,ARS,MID,43,18,11,132.2,-9.3
139,Cash,AVL,DEF,43,18,11,127.8,-9.6
140,McGinn,AVL,MID,44,18,11,131.3,-10.2
141,Damsgaard,BRE,MID,45,18,11,130.8,-10.7
142,Murillo,NFO,DEF,44,18,11,126.5,-10.9
143,Van de Ven,TOT,DEF,45,18,11,126.3,-11.1
144,Aaronson,LEE,MID,46,18,11,130.2,-11.3
145,Solanke,TOT,FWD,22,19,7,101.8,-11.5
146,Dalot,MUN,DEF,46,19,11,125.3,-12.1
147,Kamara,AVL,MID,47,19,11,129.4,-12.1
148,Garner,EVE,MID,48,19,11,129.3,-12.1
149,Ayari,BHA,MID,49,19,12,129.2,-12.3
150,Hinshelwood,BHA,MID,50,19,12,129.2,-12.3
151,Livramento,NEW,DEF,47,19,11,124.6,-12.8
152,Boscagli,BHA,DEF,48,19,11,124.4,-13.0
153,Justin,LEE,DEF,49,20,11,123.9,-13.5
154,Palestra,CHE,DEF,50,20,11,123.5,-13.9
155,Araujo,LIV,DEF,51,20,11,123.4,-14.0
156,Caicedo,CHE,MID,51,20,12,127.1,-14.4
157,Diomande,NFO,DEF,52,20,11,122.9,-14.5
158,Burn,NEW,DEF,53,20,12,122.7,-14.7
159,Khusanov,MCI,DEF,54,20,12,122.4,-15.0
160,F.Kadıoğlu,BHA,DEF,55,20,12,122.2,-15.2
161,Branthwaite,EVE,DEF,56,21,12,122.1,-15.3
162,Reijnders,MCI,MID,52,21,12,126.1,-15.3
163,Bentancur,TOT,MID,53,21,12,126.0,-15.5
164,Wharton,CRY,MID,54,21,12,125.7,-15.8
165,Alleyne,MCI,DEF,57,21,12,121.4,-16.0
166,Chavarria,CHE,DEF,58,21,12,121.2,-16.2
167,Colwill,CHE,DEF,59,21,12,121.2,-16.2
168,Jacquet,LIV,DEF,60,21,12,121.1,-16.3
169,Tsimikas,LIV,DEF,61,22,12,121.1,-16.3
170,Svoboda,BHA,DEF,62,22,12,121.0,-16.4
171,Vuskovic,BHA,DEF,63,22,13,121.0,-16.4
172,Silva,BOU,DEF,64,22,13,120.8,-16.6
173,Muharemović,LEE,DEF,65,22,13,120.8,-16.6
174,Awoniyi,NFO,FWD,23,22,7,96.7,-16.6
175,Diarra,SUN,MID,55,22,12,124.3,-17.2
176,Georginio,BHA,FWD,24,22,7,95.7,-17.7
177,O'Brien,EVE,DEF,66,23,13,119.6,-17.8
178,Barry,EVE,FWD,25,23,7,95.4,-17.9
179,Milenković,NFO,DEF,67,23,13,119.3,-18.1
180,Marmoush,MCI,FWD,26,23,8,95.1,-18.3
181,Rodon,LEE,DEF,68,23,13,118.8,-18.6
182,Vitor Reis,MCI,DEF,69,23,13,117.9,-19.5
183,Anselmino,CHE,DEF,70,23,13,117.7,-19.7
184,B.Badiashile,CHE,DEF,71,23,13,117.7,-19.7
185,Disasi,CHE,DEF,72,24,13,117.7,-19.7
186,M.Sarr,CHE,DEF,73,24,14,117.7,-19.7
187,Ji-soo,BRE,DEF,74,24,14,117.6,-19.8
188,Pinnock,BRE,DEF,75,24,14,117.6,-19.8
189,Schuster,BRE,DEF,76,24,14,117.6,-19.8
190,Coppola,BHA,DEF,77,24,14,117.5,-19.9
191,Costinha,BHA,DEF,78,24,14,117.5,-19.9
192,Igor,BHA,DEF,79,24,14,117.5,-19.9
193,Chadi Riad,CRY,DEF,80,25,14,117.5,-19.9
194,Sangaré,NFO,MID,56,25,12,121.2,-20.3
195,García,FUL,FWD,27,25,8,92.6,-20.7
196,L.Miley,NEW,MID,57,25,12,119.5,-22.0
197,Wilson,BRE,FWD,28,25,8,90.9,-22.5
198,Kalimuendo,NFO,FWD,29,25,8,90.8,-22.6
199,Ødegaard,ARS,MID,58,25,12,118.8,-22.6
200,Emersonn,IPS,FWD,30,25,8,90.5,-22.9
201,McBurnie,HUL,FWD,31,26,8,90.3,-23.1
202,Tzolis,ARS,MID,59,26,13,118.1,-23.4
203,Nmecha,LEE,FWD,32,26,8,89.9,-23.4
204,Merino,ARS,MID,60,26,13,117.7,-23.8
205,Lewis-Potter,BRE,MID,61,26,13,117.6,-23.9
206,Munoz,LIV,MID,62,26,13,117.5,-23.9
207,Maddison,TOT,MID,63,26,13,117.3,-24.2
208,Markelo,COV,FWD,33,26,8,89.0,-24.4
209,Simms,COV,FWD,34,27,8,89.0,-24.4
210,Thomas-Asante,COV,FWD,35,27,8,89.0,-24.4
211,Akpom,IPS,FWD,36,27,9,88.9,-24.4
212,Al-Hamadi,IPS,FWD,37,27,9,88.9,-24.4
213,Hirst,IPS,FWD,38,27,9,88.9,-24.4
214,Isidor,SUN,FWD,39,27,9,88.3,-25.0
215,Gomez,BHA,MID,64,27,13,116.0,-25.5
216,Rodríguez,BOU,FWD,40,27,9,86.7,-26.7
217,Tzimas,BHA,FWD,41,28,9,85.3,-28.1
218,Talbi,SUN,MID,65,28,13,113.2,-28.3
219,Janelt,BRE,MID,66,28,13,113.0,-28.5
220,Hudson-Odoi,NFO,MID,67,28,13,112.0,-29.5
221,Emegha,CHE,FWD,42,28,9,83.7,-29.6
222,Mac Allister,LIV,MID,68,28,13,111.6,-29.9
223,Kroupi.Jr,BOU,MID,69,28,14,111.4,-30.1
224,Adams,BOU,MID,70,28,14,110.1,-31.3
225,Barnes,NEW,MID,71,29,14,109.6,-31.9
226,Amad,MUN,MID,72,29,14,108.8,-32.7
227,Buendía,AVL,MID,73,29,14,108.3,-33.2
228,Strand Larsen,CRY,FWD,43,29,9,79.5,-33.9
229,Yarmoliuk,BRE,MID,74,29,14,107.2,-34.3
230,Minteh,BHA,MID,75,29,14,106.8,-34.6
231,Madueke,ARS,MID,76,29,14,106.4,-35.0
232,Gallagher,TOT,MID,77,29,14,104.8,-36.6
233,Touré,NEW,MID,78,30,14,104.7,-36.7
234,Anthony,BRE,MID,79,30,15,104.7,-36.7
235,P.M.Sarr,TOT,MID,80,30,15,104.3,-37.1
236,Madjo,AVL,FWD,44,30,9,73.8,-39.6
237,Wright,COV,FWD,45,30,9,73.5,-39.9
238,Nketiah,CRY,FWD,46,30,10,73.2,-40.2
239,Ferguson,BHA,FWD,47,30,10,72.5,-40.9
240,Obi,MUN,FWD,48,30,10,72.4,-40.9
