rank,player,team,position,pos_rank,pts,floor,pp90
1,Bruno Fernandes,MUN,MID,1,468.23,333.34,15.05
2,Erling Haaland,MCI,FWD,1,431.81,200.66,14.39
3,Morgan Gibbs-White,NFO,MID,2,395.34,269.79,11.86
4,Bukayo Saka,ARS,MID,3,393.62,281.88,14.76
5,Antoine Semenyo,MCI,FWD,2,384.66,241.51,13.85
6,Dominik Szoboszlai,LIV,MID,4,358.67,283.42,10.76
7,Jeremy Doku,MCI,MID,5,349.13,266.0,14.28
8,Matheus Cunha,MUN,FWD,3,346.36,242.67,11.99
9,Igor Thiago,BRE,FWD,4,320.51,189.29,10.3
10,Florian Wirtz,LIV,MID,6,319.27,232.69,11.49
11,Ollie Watkins,AVL,FWD,5,315.79,160.17,10.93
12,Joao Pedro,CHE,FWD,6,314.33,186.35,10.48
13,Rayan Cherki,MCI,MID,7,312.99,213.24,15.65
14,Cody Gakpo,LIV,FWD,7,312.23,213.28,13.38
15,Bryan Mbeumo,MUN,FWD,8,304.55,198.32,10.54
16,Gabriel,ARS,DEF,1,303.82,186.99,9.77
17,Cole Palmer,CHE,MID,8,301.7,204.73,10.44
18,Neco Williams,NFO,DEF,2,294.77,225.97,8.29
19,Virgil van Dijk,LIV,DEF,3,286.14,202.84,8.58
20,Marcus Tavernier,BOU,MID,9,285.05,225.77,10.26
21,James Tarkowski,EVE,DEF,4,284.56,219.61,9.15
22,Iliman Ndiaye,EVE,MID,10,278.46,207.15,9.28
23,Rayan,BOU,FWD,9,277.92,186.31,10.42
24,Morgan Rogers,CHE,MID,11,275.55,188.62,9.54
25,Pedro Porro,TOT,DEF,5,274.19,203.58,8.81
26,Adrien Truffert,BOU,DEF,6,273.04,200.0,7.68
27,Declan Rice,ARS,MID,12,272.06,218.99,9.42
28,Alexander Isak,LIV,FWD,10,271.9,110.34,10.64
29,Enzo Le Fee,SUN,MID,13,270.97,216.21,8.71
30,Dominic Calvert-Lewin,LEE,FWD,11,270.39,173.92,8.69
31,Diego Gomez,BHA,MID,14,265.55,214.16,8.85
32,Phil Foden,MCI,MID,15,262.33,175.29,11.24
33,Anton Stach,LEE,MID,16,262.19,230.03,9.44
34,Kiernan Dewsbury-Hall,EVE,MID,17,262.12,189.18,8.43
35,Alex Iwobi,FUL,MID,18,261.34,212.59,8.71
36,Amad Diallo,MUN,MID,19,255.9,201.16,10.47
37,Youri Tielemans,MUN,MID,20,255.77,214.55,9.59
38,Malick Thiaw,NEW,DEF,7,255.72,190.91,7.67
39,Ryan Gravenberch,LIV,MID,21,255.46,221.64,7.66
40,Benjamin Sesko,MUN,FWD,12,252.77,146.11,11.37
41,Pascal Gross,BHA,MID,22,250.46,217.93,9.02
42,Matheus Nunes,MCI,DEF,8,249.08,142.51,8.62
43,Kai Havertz,ARS,FWD,13,248.41,143.94,10.65
44,Michael Kayode,BRE,DEF,9,246.29,191.47,6.93
45,Nico O'Reilly,MCI,DEF,10,245.02,132.98,8.82
46,Elliot Anderson,MCI,MID,23,244.66,225.89,8.16
47,Emiliano Buendia,AVL,MID,24,243.73,166.42,9.97
48,Yankuba Minteh,BHA,MID,25,243.39,198.55,10.43
49,Nordi Mukiele,SUN,DEF,11,241.71,181.73,7.77
50,Robin Roefs,SUN,GK,1,241.39,187.95,6.35
51,Chris Richards,CRY,DEF,12,240.65,185.75,7.22
52,John McGinn,AVL,MID,26,239.71,184.28,7.7
53,Igor Jesus,NFO,FWD,14,238.0,133.79,9.74
54,James Garner,EVE,MID,27,237.81,222.59,7.64
55,Jarrad Branthwaite,EVE,DEF,13,237.21,171.8,8.21
56,Gonzalo Garcia,FUL,FWD,15,236.94,148.44,8.89
57,David Raya,ARS,GK,2,236.63,100.21,6.23
58,Enzo Fernandez,CHE,MID,28,234.89,198.14,8.81
59,James Maddison,TOT,MID,29,234.49,165.74,11.72
60,Alexis Mac Allister,LIV,MID,30,234.3,192.07,8.43
61,Gianluigi Donnarumma,MCI,GK,3,232.99,137.74,6.13
62,Nathan Collins,BRE,DEF,14,232.01,178.4,6.96
63,Riccardo Calafiori,ARS,DEF,15,231.99,148.19,9.94
64,Caoimhin Kelleher,BRE,GK,4,231.98,161.28,6.1
65,Chris Wood,NFO,FWD,16,230.5,123.02,10.92
66,Georginio Rutter,BHA,FWD,17,229.88,162.27,8.28
67,Dango Ouattara,BRE,MID,31,229.36,168.58,8.6
68,Kevin Schade,BRE,FWD,18,229.29,163.32,9.38
69,Alex Scott,BOU,MID,32,229.14,225.33,7.64
70,Jan Paul van Hecke,TOT,DEF,16,228.31,171.65,7.34
71,Jurrien Timber,ARS,DEF,17,227.58,128.35,9.31
72,Ismaila Sarr,CRY,MID,33,227.24,154.69,8.18
73,Lukas Hornicek,NEW,GK,5,225.71,162.12,5.94
74,Mohamed Belloumi,HUL,MID,34,223.96,198.55,10.08
75,Mikkel Damsgaard,BRE,MID,35,223.01,174.75,9.12
76,Vitaliy Mykolenko,EVE,DEF,18,222.53,157.34,6.68
77,Djordje Petrovic,BOU,GK,6,220.13,158.13,5.79
78,Jean-Philippe Mateta,CRY,FWD,19,220.04,127.53,9.9
79,Jordan Pickford,EVE,GK,7,218.89,139.66,5.76
80,Milos Kerkez,LIV,DEF,19,218.8,142.7,7.03
81,Jake O'Brien,EVE,DEF,20,217.67,164.08,6.53
82,Martin Odegaard,ARS,MID,36,217.5,149.14,10.87
83,Kaoru Mitoma,BHA,MID,37,217.37,174.64,9.78
84,Will Osula,NEW,FWD,20,216.12,124.62,10.81
85,Ian Maatsen,AVL,DEF,21,215.42,157.37,8.08
86,Charalampos Kostoulas,BHA,FWD,21,215.06,142.99,12.1
87,Jack Hinshelwood,BHA,MID,38,214.98,147.94,7.74
88,Omar Alderete,SUN,DEF,22,213.86,175.75,6.87
89,Emiliano Martinez,AVL,GK,8,213.64,152.03,5.62
90,Daniel Ballard,SUN,DEF,23,213.47,180.58,8.01
91,Josko Gvardiol,MCI,DEF,24,213.43,125.73,8.35
92,James Trafford,LEE,GK,9,213.0,178.18,5.61
93,Alisson,LIV,GK,10,212.43,129.75,5.59
94,Lewis Miley,NEW,MID,39,209.86,168.88,7.87
95,Harvey Barnes,NEW,MID,40,209.34,140.21,9.42
96,Ethan Ampadu,LEE,MID,41,209.21,215.86,5.88
97,Oliver McBurnie,HUL,FWD,22,208.93,157.31,7.83
98,Thierno Barry,EVE,FWD,23,208.87,135.91,9.4
99,Bruno Guimaraes,ARS,MID,42,208.67,158.49,8.54
100,Marcos Senesi,TOT,DEF,25,208.65,164.97,7.51
101,Carl Rushworth,COV,GK,11,208.3,158.55,5.48
102,Robert Sanchez,CHE,GK,12,208.26,147.19,5.48
103,Dean Henderson,CRY,GK,13,206.51,138.65,5.43
104,Matz Sels,NFO,GK,14,206.33,141.45,5.43
105,Antonee Robinson,FUL,DEF,26,205.89,160.64,8.42
106,Tyrick Mitchell,CRY,DEF,27,205.71,136.53,6.17
107,Diogo Dalot,MUN,DEF,28,205.6,159.16,7.12
108,Christos Tzolis,ARS,FWD,24,204.86,139.2,10.24
109,Abdul Fatawu,IPS,FWD,25,204.59,179.17,8.77
110,Dominic Solanke,TOT,FWD,26,202.91,126.5,9.13
111,Antonin Kinsky,TOT,GK,15,201.58,133.64,5.3
112,Marc Guehi,MCI,DEF,29,201.2,134.08,9.05
113,Alysson,AVL,FWD,27,200.37,127.39,12.88
114,Harry Wilson,LEE,MID,43,199.74,148.26,8.17
115,James Hill,BOU,DEF,30,199.13,167.97,8.96
116,Ferdi Kadioglu,BHA,DEF,31,199.04,136.48,6.4
117,Mamadou Sangare,BRE,DEF,32,198.68,134.2,8.13
118,Granit Xhaka,SUN,MID,44,198.44,190.23,5.95
119,Moises Caicedo,CHE,MID,45,196.98,191.11,6.57
120,Murillo,NFO,DEF,33,193.85,148.06,5.82
121,Junior Kroupi,BOU,FWD,28,192.99,121.95,9.65
122,Callum Hudson-Odoi,NFO,FWD,29,192.57,140.26,11.55
123,Bart Verbruggen,BHA,GK,16,192.33,130.54,5.06
124,Nikola Milenkovic,NFO,DEF,34,190.93,132.88,5.73
125,Mohammed Kudus,TOT,MID,46,190.91,154.98,9.55
126,Bernd Leno,FUL,GK,17,189.24,132.18,4.98
127,Bobby Thomas,COV,DEF,35,188.75,157.13,6.53
128,Lewis Hall,NEW,DEF,36,188.61,140.65,6.79
129,Matt Grimes,COV,MID,47,187.99,180.05,6.27
130,Gustavo Hamer,COV,MID,48,187.9,149.5,8.05
131,Beto,EVE,FWD,30,187.62,123.78,10.55
132,Jaydee Canvot,CRY,DEF,37,186.19,152.94,6.98
133,Sven Botman,NEW,DEF,38,185.91,141.93,7.61
134,Ola Aina,NFO,DEF,39,185.69,135.87,6.43
135,Adam Wharton,CRY,MID,49,185.11,176.24,6.94
136,Dan Ndoye,NFO,FWD,31,184.87,137.07,9.24
137,Alejandro Garnacho,AVL,MID,50,184.85,143.83,9.24
138,Jacob Ramsey,NEW,MID,51,184.68,160.49,7.55
139,Yasin Ayari,BHA,MID,52,183.58,158.5,6.88
140,Justin Kluivert,BOU,MID,53,182.64,139.61,9.13
141,Senne Lammens,MUN,GK,18,182.3,115.0,4.8
142,Reece James,CHE,DEF,40,181.26,120.25,8.16
143,Matty Cash,AVL,DEF,41,180.87,121.41,5.81
144,Brian Brobbey,SUN,FWD,32,179.88,114.94,6.23
145,Nick Woltemade,NEW,FWD,33,179.08,99.02,8.95
146,Jack Clarke,IPS,MID,54,178.7,131.21,8.94
147,Richarlison,TOT,FWD,34,178.34,94.0,11.46
148,Mathias Jensen,BRE,MID,55,178.29,154.23,7.29
149,Boubacar Kamara,AVL,MID,56,177.77,168.25,6.4
150,Sandro Tonali,TOT,MID,57,177.62,169.13,6.15
151,Nilson Angulo,SUN,MID,58,177.15,151.15,7.97
152,Maxence Lacroix,CHE,DEF,42,176.7,138.2,7.23
153,Yeremy Pino,CRY,MID,59,176.35,143.07,7.94
154,Maxim De Cuyper,BHA,DEF,43,175.24,110.48,7.89
155,Joe Rodon,LEE,DEF,44,175.08,138.73,5.25
156,Noah Okafor,LEE,FWD,35,174.43,134.93,9.23
157,Ruben Dias,MCI,DEF,45,174.36,107.04,6.54
158,Evanilson,BOU,FWD,36,173.88,117.36,7.45
159,Hayden Hackney,EVE,MID,60,172.32,152.17,7.75
160,Viktor Gyokeres,ARS,FWD,37,171.98,85.1,9.11
161,Victor Munoz,LIV,FWD,38,169.77,127.63,10.91
162,Kristoffer Ajer,BRE,DEF,46,169.29,134.54,6.35
163,Haji Wright,COV,FWD,39,168.72,101.48,7.59
164,Cristhian Mosquera,ARS,DEF,47,168.33,116.06,7.57
165,Joao Gomes,AVL,MID,61,167.68,166.23,6.29
166,Kevin,FUL,FWD,40,167.57,144.46,10.05
167,Antonio Silva,BOU,DEF,48,167.51,128.57,6.28
168,Emile Smith Rowe,FUL,MID,62,167.48,122.77,7.18
169,Kjell Scherpen,IPS,GK,19,167.09,149.81,4.4
170,Joe Gelhardt,HUL,FWD,41,165.92,133.33,7.47
171,Jeremie Frimpong,LIV,DEF,49,164.42,108.93,7.4
172,Johan Manzambi,AVL,MID,63,163.9,120.16,8.19
173,Joelinton,NEW,MID,64,163.06,153.98,7.34
174,Mateus Fernandes,TOT,MID,65,162.97,143.31,7.33
175,Dejan Kulusevski,TOT,MID,66,162.47,121.14,10.44
176,Eberechi Eze,ARS,MID,67,162.05,100.54,9.72
177,James Justin,LEE,DEF,50,161.85,129.7,6.07
178,Lisandro Martinez,MUN,DEF,51,161.69,123.14,5.2
179,Patrick Dorgu,MUN,DEF,52,161.26,114.1,10.37
180,Juanlu,BOU,DEF,53,161.04,126.26,5.57
181,Trai Hume,SUN,DEF,54,160.94,121.82,5.57
182,Estevao,CHE,FWD,42,160.43,130.42,10.31
183,Jacob Murphy,NEW,MID,68,159.71,114.02,10.27
184,Milan van Ewijk,COV,DEF,55,158.42,118.23,5.09
185,Joachim Andersen,FUL,DEF,56,157.28,136.16,5.44
186,Sepp van den Berg,BRE,DEF,57,156.25,124.42,7.03
187,Tyler Adams,BOU,MID,69,154.91,153.54,6.97
188,Mathys Tel,TOT,FWD,43,154.72,119.77,9.95
189,Julio Enciso,IPS,,70,154.59,120.69,6.96
190,Ibrahim Sangare,NFO,MID,71,152.84,149.85,6.88
191,Tarik Muharemovic,LEE,DEF,58,152.62,125.12,5.72
192,Caleb Yirenkyi,COV,MID,72,152.57,150.71,6.54
193,Ben White,ARS,DEF,59,151.98,90.44,9.77
194,Daichi Kamada,CRY,MID,73,151.68,164.14,5.46
195,Piero Hincapie,ARS,DEF,60,150.72,95.12,9.69
196,Jack Rudoni,COV,MID,74,149.71,105.43,8.42
197,Tatsuhiro Sakamoto,COV,MID,75,149.37,121.14,7.47
198,Shea Charles,FUL,DEF,61,149.31,106.22,7.47
199,Josh King,FUL,MID,76,147.28,125.29,7.36
200,Dara O'Shea,IPS,DEF,62,147.12,127.39,4.73
201,Oscar Bobb,FUL,MID,77,147.07,131.97,8.27
202,Kenny Tete,FUL,DEF,63,146.7,114.46,6.6
203,Gabriel Gudmundsson,LEE,DEF,64,146.69,126.56,5.08
204,Omari Hutchinson,NFO,FWD,44,146.33,116.77,10.97
205,Yehor Yarmolyuk,BRE,MID,78,146.01,150.77,5.48
206,Kobbie Mainoo,MUN,MID,79,145.76,131.53,7.29
207,Habib Diarra,SUN,MID,80,145.74,116.77,5.47
208,Liam Millar,HUL,MID,81,145.2,128.76,7.26
209,Conor Bradley,LIV,DEF,65,144.95,103.0,8.15
210,James McAtee,NFO,MID,82,144.71,107.22,9.3
211,Aurele Amenda,COV,DEF,66,144.6,131.94,5.42
212,Valentino Livramento,NEW,DEF,67,144.21,100.68,5.41
213,Marco Palestra,CHE,DEF,68,143.87,94.99,7.19
214,Mats Wieffer,BHA,DEF,69,143.59,112.72,8.08
215,Luka Vuskovic,BHA,DEF,70,143.58,109.91,7.18
216,Ephron Mason-Clark,COV,MID,83,142.98,109.98,8.58
217,Leif Davis,IPS,DEF,71,142.59,114.77,4.28
218,Rio Ngumoha,LIV,FWD,45,142.36,106.08,16.02
219,Omar Marmoush,MCI,FWD,46,142.16,76.0,12.79
220,Jayden Bogle,LEE,DEF,72,141.85,101.73,4.56
221,Jaka Bijol,LEE,DEF,73,140.35,113.8,6.32
222,Jeremy Jacquet,LIV,DEF,74,140.13,96.91,7.01
223,Jaidon Anthony,BRE,MID,84,139.82,103.53,8.39
224,Konstantinos Tzolakis,HUL,GK,20,139.05,127.47,3.66
225,Cesar Palacios,FUL,MID,85,138.37,98.07,7.33
226,Brenden Aaronson,LEE,MID,86,138.23,111.48,7.32
227,Pascal Struijk,BHA,DEF,75,137.66,111.16,6.19
228,Levi Colwill,CHE,DEF,76,137.3,103.06,6.18
229,Luke Shaw,MUN,DEF,77,137.29,118.84,5.15
230,Bazoumana Toure,NEW,FWD,47,137.17,105.56,10.29
231,Ao Tanaka,LEE,MID,87,137.09,123.57,6.85
232,Rodrigo Muniz,FUL,FWD,48,135.99,90.23,10.2
233,Dan Burn,NEW,DEF,78,135.84,106.96,6.79
234,Takehiro Tomiyasu,CRY,DEF,79,135.73,88.79,7.63
235,Anan Khalaili,CRY,DEF,80,135.03,89.94,8.68
236,William Saliba,ARS,DEF,81,135.02,81.29,7.59
237,Sander Berge,FUL,MID,88,134.19,140.62,5.03
238,Calvin Bassey,FUL,DEF,82,134.02,102.06,4.31
239,Noah Sadiki,SUN,MID,89,133.97,147.37,4.31
240,Ryan Sessegnon,FUL,DEF,83,131.9,89.15,8.48
241,Anthony Elanga,NEW,FWD,49,131.38,111.97,6.57
242,Emersonn,IPS,FWD,50,131.22,97.39,6.56
243,Liam Kitching,COV,DEF,84,130.83,114.0,5.89
244,Micky van de Ven,TOT,DEF,85,130.41,87.73,5.1
245,Ousmane Diomande,NFO,DEF,86,130.08,98.92,5.57
246,Aladji Bamba,NEW,MID,90,127.49,117.67,8.2
247,Xaver Schlager,NFO,MID,91,127.29,112.45,7.64
248,Conor Gallagher,TOT,MID,92,126.73,112.41,7.13
249,Azor Matusiwa,IPS,MID,93,126.36,126.63,5.69
250,Noni Madueke,ARS,MID,94,125.86,96.63,11.33
251,Ellis Simms,COV,FWD,51,125.19,74.52,9.39
252,Ryan Christie,BOU,MID,95,125.0,122.02,8.04
253,Keane Lewis-Potter,BRE,MID,96,124.52,106.78,6.23
254,Ross Barkley,AVL,MID,97,124.11,91.9,9.31
255,Daizen Maeda,IPS,FWD,52,124.06,90.73,6.57
256,Ezri Konsa,AVL,DEF,87,123.51,73.96,3.71
257,Ronald Araujo,LIV,DEF,88,123.36,84.88,7.93
258,Jens Hjerto-Dahl,HUL,MID,98,123.29,105.57,6.53
259,Danny Welbeck,CHE,FWD,53,123.11,71.83,9.23
260,Merlin Rohl,EVE,MID,99,122.88,109.23,6.14
261,Loum Tchaouna,COV,FWD,54,122.62,102.51,5.81
262,Tyrique George,EVE,FWD,55,122.1,101.27,10.99
263,Pedro Neto,CHE,FWD,56,122.04,95.83,9.99
264,Elliot Stroud,HUL,MID,100,121.33,108.09,6.82
265,Yoane Wissa,NEW,FWD,57,119.25,92.03,6.31
266,Wesley Fofana,CHE,DEF,89,117.24,104.09,5.86
267,Mason Mount,MUN,MID,101,116.93,92.45,9.57
268,Jacob Greaves,IPS,DEF,90,116.57,103.46,5.25
269,Matt Crooks,HUL,MID,102,115.91,112.14,5.8
270,Hidemasa Morita,HUL,MID,103,115.34,119.77,4.94
271,Sasa Lukic,IPS,MID,104,114.96,119.39,5.75
272,Oscar Mingueza,CRY,DEF,91,114.45,71.48,6.44
273,Hugo Ekitike,LIV,FWD,58,114.41,57.48,12.87
274,Mikel Merino,ARS,MID,105,114.27,70.42,10.28
275,Abdukodir Khusanov,MCI,DEF,92,114.0,73.87,6.41
276,Alvaro Rodriguez,BOU,FWD,59,113.88,81.46,10.25
277,Jorgen Strand Larsen,CRY,FWD,60,111.74,74.57,7.18
278,Mateo Kovacic,MCI,MID,106,111.68,94.0,7.18
279,Harry Maguire,MUN,DEF,93,111.64,87.31,7.18
280,Dwight McNeil,CRY,MID,107,111.59,81.74,8.37
281,Leny Yoro,MUN,DEF,94,111.13,89.55,5.0
282,Michael Keane,EVE,DEF,95,110.08,77.2,9.01
283,Jorrel Hato,CHE,DEF,96,109.82,101.72,5.2
284,Marcelino Nunez,IPS,MID,108,109.71,87.69,7.05
285,Curtis Jones,LIV,MID,109,108.85,91.03,7.0
286,Bafode Diakite,BOU,DEF,97,108.73,85.5,6.12
287,Carlos Baleba,BHA,MID,110,108.01,114.6,5.4
288,Destiny Udogie,TOT,DEF,98,107.89,74.51,4.86
289,Pep Chavarria,CHE,DEF,99,106.58,78.11,5.99
290,Rayan Ait-Nouri,MCI,DEF,100,106.21,70.64,9.56
291,Lucas Gourna-Douath,HUL,MID,111,105.67,111.04,5.28
292,Florentino Luis,IPS,MID,112,103.51,105.7,5.82
293,George Hirst,IPS,FWD,61,103.4,62.32,6.65
294,Lewis Dunk,BHA,DEF,101,102.08,80.45,5.1
295,Reinildo,SUN,DEF,102,101.98,93.07,4.17
296,Frank Onyeka,COV,MID,113,101.71,100.47,6.54
297,Andrey Santos,MUN,MID,114,101.11,95.82,6.5
298,Brandon Thomas-Asante,COV,FWD,62,100.98,62.87,9.09
299,Timothy Castagne,FUL,DEF,103,99.73,77.87,6.41
300,Victor Torp,COV,MID,115,99.63,79.55,8.97
301,Daniel Munoz,CRY,DEF,104,99.08,68.94,8.92
302,Andrew Robertson,TOT,DEF,105,97.42,66.12,6.26
303,Olivier Boscagli,BHA,DEF,106,97.39,76.42,6.26
304,Regan Slater,HUL,MID,116,96.57,99.88,4.83
305,Stefanos Tzimas,BHA,FWD,63,95.67,57.73,12.3
306,Tyler Dibling,EVE,MID,117,94.8,79.65,8.53
307,Charlie Hughes,HUL,DEF,107,93.23,90.75,3.81
308,Jay Dasilva,COV,DEF,108,91.53,73.94,4.12
309,Chris Rigg,SUN,MID,118,91.34,74.54,6.85
310,Jefferson Lerma,CRY,MID,119,91.28,97.32,5.87
311,John Egan,HUL,DEF,109,91.08,83.26,4.1
312,Fabian Schar,NEW,DEF,110,90.02,68.33,6.75
313,Brennan Johnson,EVE,FWD,64,89.57,65.83,8.06
314,Amine Adli,BOU,FWD,65,89.46,70.71,10.06
315,Lukas Nmecha,LEE,FWD,66,85.65,53.2,9.64
316,Pau Torres,AVL,DEF,111,84.34,51.74,3.8
317,Evann Guessand,CRY,FWD,67,83.7,50.18,7.53
318,Rodrigo Bentancur,TOT,MID,120,83.22,85.15,6.24
319,Christian Norgaard,EVE,MID,121,81.46,77.91,7.33
320,Chadi Riad,CRY,DEF,112,80.87,59.25,6.07
321,Wilson Isidor,SUN,FWD,68,80.22,44.53,7.22
322,Valentin Barco,CHE,DEF,113,79.96,44.49,6.0
323,Chemsdine Talbi,SUN,FWD,69,79.88,55.49,5.99
324,Ryan Giles,HUL,DEF,114,75.97,60.23,2.85
325,Nico Gonzalez,MCI,MID,122,75.31,77.27,4.84
326,Jorge Cuenca,FUL,DEF,115,73.38,63.56,4.72
327,Lewis Cook,BOU,MID,123,73.27,73.62,7.33
328,David Brooks,BOU,MID,124,72.81,60.12,10.92
329,Sean Steur,NEW,MID,125,72.74,69.39,6.55
330,Jair Cunha,NFO,DEF,116,71.07,49.67,4.57
331,Callum Wilson,BRE,FWD,70,70.78,38.65,9.1
332,Rodri,MCI,MID,126,69.81,61.62,7.85
333,Issa Diop,IPS,DEF,117,68.75,56.98,2.58
334,Tim Iroegbunam,EVE,MID,127,66.79,68.65,6.68
335,Leon Bailey,AVL,MID,128,65.36,47.44,9.8
336,Noussair Mazraoui,MUN,DEF,118,64.89,54.21,6.49
337,Ayden Heaven,MUN,DEF,119,64.88,54.41,5.84
338,Lamare Bogarde,AVL,MID,129,64.4,69.71,4.14
339,Myles Lewis-Skelly,ARS,MID,130,63.72,62.76,4.78
340,Jaden Philogene,IPS,MID,131,62.54,44.8,9.38
341,Tyrone Mings,AVL,DEF,120,61.87,44.63,4.64
342,Brian Madjo,AVL,FWD,71,60.67,35.73,9.1
343,Veljko Milosavljevic,BOU,DEF,121,60.23,51.73,6.78
344,Rico Lewis,MCI,DEF,122,60.04,32.01,6.75
345,Max Dowman,ARS,MID,132,58.78,38.08,13.23
346,Eddie Nketiah,CRY,FWD,72,58.64,46.64,8.8
347,Nicolas Dominguez,NFO,MID,133,58.18,48.97,8.73
348,Kasey McAteer,IPS,MID,134,57.81,48.36,6.5
349,Thomas Meunier,SUN,DEF,123,56.76,37.46,5.11
350,Vitaly Janelt,BRE,MID,135,55.86,51.83,6.28
351,Lewie Coyle,HUL,DEF,124,54.57,53.08,2.73
352,Darnell Furlong,IPS,DEF,125,54.4,45.98,2.72
353,Nobel Mendy,HUL,DEF,126,54.12,54.52,2.71
354,Ryan Yates,NFO,MID,136,53.98,47.6,8.1
355,Kieran Dowell,HUL,MID,137,53.49,51.78,6.02
356,Sindre Egeli,IPS,MID,138,53.15,40.21,5.98
357,Semi Ajayi,HUL,DEF,127,51.81,45.19,3.89
358,Romeo Lavia,CHE,MID,139,51.59,50.44,5.8
359,Ilia Gruev,LEE,MID,140,50.57,46.89,5.69
360,Pape Sarr,TOT,MID,141,50.35,42.77,7.55
361,Tammy Abraham,AVL,FWD,73,49.82,25.84,11.21
362,Matt Targett,HUL,DEF,128,48.47,37.56,3.64
363,Taiwo Awoniyi,NFO,FWD,74,48.03,25.49,10.81
364,Gabriel Martinelli,ARS,MID,142,47.81,34.09,10.76
365,Will Hughes,CRY,MID,143,47.67,52.47,5.36
366,Giovanni Leoni,LIV,DEF,129,46.71,32.3,7.01
367,Ben Gannon Doak,BOU,MID,144,45.52,36.06,10.24
368,Jamie Gittens,CHE,FWD,75,45.26,34.76,10.18
369,Oscar Zambrano,HUL,MID,145,44.59,47.2,5.02
370,Martin Zubimendi,ARS,MID,146,44.56,38.94,6.68
371,Savinho,MCI,MID,147,43.69,37.73,9.83
372,Geovany Quenda,CHE,MID,148,43.46,33.24,9.78
373,Kevin Danso,TOT,DEF,130,43.45,37.02,6.52
374,Jonah Kusi-Asare,FUL,FWD,76,43.29,28.09,9.74
375,Joshua Zirkzee,MUN,FWD,77,42.91,29.78,9.66
376,Archie Gray,TOT,MID,149,42.45,39.05,4.78
377,Jocelin Ta Bi,SUN,MID,150,42.42,31.3,6.36
378,Emmanuel Emegha,CHE,FWD,78,41.17,24.72,9.26
379,Josh Eccles,COV,MID,151,40.82,33.9,7.35
380,Aaron Hickey,BRE,DEF,131,40.06,25.24,3.0
381,Sean Longstaff,LEE,MID,152,39.94,34.67,8.99
382,Luke O'Nien,SUN,DEF,132,38.9,33.03,4.38
383,Xavi Simons,TOT,MID,153,38.03,31.78,8.56
384,Adam Smith,BOU,DEF,133,37.2,28.16,4.18
385,Lucas Bergvall,TOT,MID,154,35.78,28.25,8.05
386,Harrison Reed,FUL,MID,155,35.09,32.07,7.89
387,Cedric Kipre,IPS,DEF,134,34.98,28.59,3.93
388,Wilson Odobert,TOT,FWD,79,34.47,28.18,7.76
389,Josh Dasilva,BRE,MID,156,34.39,24.44,7.74
390,Antoni Milambo,BRE,MID,157,34.34,29.02,7.73
391,Joe Willock,NEW,MID,158,34.05,30.94,7.66
392,Kaine Kesler-Hayden,COV,DEF,135,33.3,22.58,7.49
393,Stefan Bajcetic,LIV,MID,159,33.29,29.13,7.49
394,Joe Gomez,LIV,DEF,136,33.28,23.8,7.49
395,Alex Toth,BOU,MID,160,32.61,36.05,7.34
396,Justin Devenny,CRY,MID,161,32.5,25.49,7.31
397,Amadou Onana,AVL,MID,162,32.4,28.86,7.29
398,Malo Gusto,CHE,DEF,137,32.13,21.93,7.23
399,Tom Cairney,FUL,MID,163,31.84,28.63,7.16
400,Matthijs De Ligt,MUN,DEF,138,31.68,24.06,7.13
401,Adam Aznou,EVE,DEF,139,30.99,21.81,6.97
402,Daniel James,LEE,MID,164,30.99,29.1,6.97
403,Carlos Alcaraz,EVE,MID,165,30.22,25.0,9.07
404,Wataru Endo,LIV,MID,166,29.46,26.69,6.63
405,Josh Acheampong,CHE,DEF,140,28.51,20.47,4.28
406,Luca Netz,NFO,DEF,141,26.98,19.34,6.07
407,Borna Sosa,CRY,DEF,142,26.79,27.4,6.03
408,Harrison Armstrong,EVE,MID,167,26.79,24.9,6.03
409,Wilfried Gnonto,LEE,FWD,80,26.36,27.86,5.93
410,Luke Woolfenden,COV,DEF,143,24.75,21.78,5.57
411,Cheick Doucoure,CRY,MID,168,24.74,26.4,5.57
412,Anis Mehmeti,IPS,MID,169,24.01,20.31,5.4
413,Victor Lindelof,AVL,DEF,144,23.94,11.73,3.59
414,Cody Drameh,HUL,DEF,145,23.44,20.56,3.52
415,Jake Bidwell,COV,DEF,146,22.12,16.97,4.98
416,Jack Taylor,IPS,MID,170,21.91,22.51,4.93
417,Sebastiaan Bornauw,LEE,DEF,147,21.78,19.39,4.9
418,Rico Henry,BRE,DEF,148,21.6,13.64,4.86
419,Morato,NFO,DEF,149,20.13,16.54,4.53
420,Joel Latibeaudiere,COV,DEF,150,19.82,16.53,4.46
421,Ben Johnson,IPS,DEF,151,17.8,13.64,4.0
422,Lucas Herrington,HUL,DEF,152,12.03,12.11,2.71
