rank,player,team,position,pos_rank,price,ros_pct
1,Haaland,MCI,FWD,1,15.5,73.8
2,B.Fernandes,MUN,MID,1,12.0,48.2
3,Saka,ARS,MID,2,9.5,10.7
4,Palmer,CHE,MID,3,9.5,11.3
5,Joao Pedro,CHE,FWD,2,7.5,55.5
6,Szoboszlai,LIV,MID,4,7.0,44.2
7,Thiago,BRE,FWD,3,8.0,16.0
8,Gabriel,ARS,DEF,1,8.0,26.7
9,Watkins,AVL,FWD,4,8.0,12.7
10,Semenyo,MCI,MID,5,8.5,26.0
11,Isak,LIV,FWD,5,9.0,13.0
12,Wirtz,LIV,MID,6,7.5,14.2
13,Doku,MCI,MID,7,7.5,6.4
14,Anderson,MCI,MID,8,6.5,11.5
15,Rice,ARS,MID,9,7.5,22.0
16,Calvert-Lewin,LEE,FWD,6,6.0,24.9
17,Gibbs-White,NFO,MID,10,8.0,11.6
18,Cunha,MUN,MID,11,8.0,12.8
19,Virgil,LIV,DEF,2,6.5,16.6
20,Mbeumo,MUN,MID,12,8.0,23.4
21,Brobbey,SUN,FWD,7,6.0,17.4
22,Sarr,CRY,MID,13,6.5,8.2
23,Stach,LEE,MID,14,6.0,1.2
24,Enzo,CHE,MID,15,7.0,5.5
25,Ndiaye,EVE,MID,16,6.0,15.2
26,Gyokeres,ARS,FWD,8,7.5,13.1
27,Dewsbury-Hall,EVE,MID,17,6.5,3.7
28,Pedro Porro,TOT,DEF,3,5.5,23.3
29,Truffert,BOU,DEF,4,5.5,4.8
30,Tavernier,BOU,MID,18,6.0,1.9
31,Cherki,MCI,MID,19,7.5,9.0
32,Lacroix,CHE,DEF,5,6.0,11.5
33,Gross,BHA,MID,20,5.5,10.2
34,Ampadu,LEE,MID,21,5.5,1.6
35,Guehi,MCI,DEF,6,6.0,23.1
36,Rogers,CHE,MID,22,7.5,27.3
37,E.Le Fee,SUN,MID,23,6.0,12.9
38,Canvot,CRY,DEF,7,5.0,0.6
39,Tarkowski,EVE,DEF,8,6.0,9.8
40,Buendia,AVL,MID,24,6.0,1.0
41,Wilson,LEE,MID,25,6.5,8.1
42,Mateta,CRY,FWD,9,6.5,6.6
43,Scott,BOU,MID,26,6.0,1.6
44,O'Reilly,MCI,DEF,9,6.5,22.3
45,Foden,MCI,MID,27,7.0,6.7
46,Gakpo,LIV,MID,28,7.0,3.4
47,Colwill,CHE,DEF,10,5.0,1.7
48,Sesko,MUN,FWD,10,7.0,2.3
49,Raya,ARS,GK,1,6.0,31.0
50,Kudus,TOT,MID,29,6.5,0.2
51,Garner,EVE,MID,30,6.0,0.5
52,Tzolis,ARS,MID,31,6.5,3.6
53,Solanke,TOT,FWD,11,6.0,2.3
54,Caicedo,CHE,MID,32,5.5,4.1
55,Okafor,LEE,MID,33,6.0,0.7
56,Munoz,CRY,DEF,11,5.5,11.5
57,Collins,BRE,DEF,12,5.5,2.0
58,O.Dango,BRE,MID,34,6.5,1.4
59,Rayan,BOU,MID,35,6.5,3.4
60,Gravenberch,LIV,MID,36,6.0,2.0
61,Kerkez,LIV,DEF,13,5.5,5.2
62,Mukiele,SUN,DEF,14,5.5,5.7
63,Minteh,BHA,MID,37,6.0,0.7
64,Dalot,MUN,DEF,15,5.0,3.1
65,Osula,NEW,FWD,12,6.0,1.4
66,J.Timber,ARS,DEF,16,6.5,0.4
67,Matheus N.,MCI,DEF,17,6.0,4.7
68,Evanilson,BOU,FWD,13,6.0,2.1
69,Donnarumma,MCI,GK,2,5.5,11.0
70,McBurnie,HUL,FWD,14,5.5,1.6
71,Hill,BOU,DEF,18,5.5,1.2
72,N.Williams,NFO,DEF,19,5.0,12.1
73,Gvardiol,MCI,DEF,20,5.5,13.4
74,Bruno G.,ARS,MID,38,7.0,10.3
75,Igor Jesus,NFO,FWD,15,6.0,5.2
76,Iwobi,FUL,MID,39,5.5,0.9
77,Kayode,BRE,DEF,21,4.5,3.7
78,Ballard,SUN,DEF,22,5.0,4.2
79,James,CHE,DEF,23,5.5,8.0
80,Andersen,FUL,DEF,24,5.0,0.1
81,Garcia,FUL,FWD,16,6.0,1.6
82,Kroupi.Jr,BOU,MID,40,7.5,3.3
83,A.Becker,LIV,GK,3,5.5,4.0
84,F.Kadioglu,BHA,DEF,25,4.5,3.0
85,Gomez,BHA,MID,41,5.0,2.2
86,Estevao,CHE,MID,42,6.5,1.7
87,Wharton,CRY,MID,43,5.5,0.4
88,Damsgaard,BRE,MID,44,5.5,0.7
89,Alderete,SUN,DEF,26,5.0,0.9
90,Milenkovic,NFO,DEF,27,5.5,2.3
91,Kelleher,BRE,GK,4,5.0,5.7
92,Van Hecke,TOT,DEF,28,5.0,8.4
93,Grealish,MCI,MID,45,6.5,0.1
94,Barry,EVE,FWD,17,5.5,0.9
95,Murillo,NFO,DEF,29,5.5,0.5
96,Roefs,SUN,GK,5,5.0,5.0
97,Barnes,NEW,MID,46,6.0,1.2
98,Mitchell,CRY,DEF,30,4.5,6.8
99,Amad,MUN,MID,47,6.0,1.7
100,Martinez,AVL,GK,6,5.0,4.9
101,Wright,COV,FWD,18,5.5,1.8
102,Bassey,FUL,DEF,31,4.5,0.6
103,Richards,CRY,DEF,32,5.0,0.8
104,Calafiori,ARS,DEF,33,5.5,17.4
105,Sanchez,CHE,GK,7,5.0,2.0
106,Thiaw,NEW,DEF,34,5.0,2.0
107,Thomas,COV,DEF,35,4.0,8.4
108,Mykolenko,EVE,DEF,36,4.5,1.3
109,Wieffer,BHA,DEF,37,5.0,0.3
110,Lammens,MUN,GK,8,5.0,19.8
111,Clarke,IPS,MID,48,5.5,0.3
112,Muharemovic,LEE,DEF,38,5.0,1.6
113,Xhaka,SUN,MID,49,5.5,5.4
114,Cash,AVL,DEF,39,4.5,8.0
115,Davis,IPS,DEF,40,4.0,4.7
116,Neto,CHE,MID,50,6.5,1.4
117,McGinn,AVL,MID,51,5.5,2.7
118,Georginio,BHA,FWD,19,5.5,1.0
119,Kinsky,TOT,GK,9,4.5,19.5
120,Havertz,ARS,FWD,20,7.5,3.6
121,Odegaard,ARS,MID,52,6.5,2.9
122,Pickford,EVE,GK,10,5.5,8.8
123,Mitoma,BHA,MID,53,6.0,0.1
124,Martinez,MUN,DEF,41,5.0,0.5
125,Schade,BRE,MID,54,6.0,2.0
126,Maddison,TOT,MID,55,6.5,1.8
127,Dorgu,MUN,MID,56,6.0,1.6
128,Woltemade,NEW,FWD,21,6.0,1.7
129,Savinho,MCI,MID,57,6.5,0.1
130,Emersonn,IPS,FWD,22,5.5,0.3
131,Shaw,MUN,DEF,42,4.5,24.3
132,Botman,NEW,DEF,43,5.0,0.4
133,Hall,NEW,DEF,44,5.0,4.0
134,Leno,FUL,GK,11,4.5,3.3
135,Tonali,TOT,MID,58,5.5,4.2
136,Petrovic,BOU,GK,12,4.5,3.7
137,Fernandes,TOT,MID,59,6.0,3.0
138,Kevin,FUL,MID,60,5.5,0.1
139,Joelinton,NEW,MID,61,5.5,0.1
140,Chavarria,CHE,DEF,45,5.0,0.0
141,Maguire,MUN,DEF,46,5.0,9.4
142,Tel,TOT,MID,62,6.0,0.4
143,Henderson,CRY,GK,13,5.0,3.1
144,Van de Ven,TOT,DEF,47,5.0,7.1
145,Sels,NFO,GK,14,5.0,1.5
146,Palestra,CHE,DEF,48,5.5,2.3
147,Manzambi,AVL,MID,63,6.0,2.0
148,Verbruggen,BHA,GK,15,4.5,17.7
149,Anthony,BRE,MID,64,6.0,0.2
150,Rushworth,COV,GK,16,4.5,0.9
151,Eze,ARS,MID,65,6.5,3.1
152,Vuskovic,BHA,DEF,49,5.0,2.7
153,Ngumoha,LIV,MID,66,6.0,1.5
154,Hornicek,NEW,GK,17,5.0,0.4
155,Scherpen,IPS,GK,18,4.5,0.4
156,Rodon,LEE,DEF,50,4.5,1.9
157,van Ewijk,COV,DEF,51,4.0,15.5
158,Rashford,MUN,MID,67,7.0,1.5
159,Trafford,LEE,GK,19,5.0,2.2
160,Hudson-Odoi,NFO,MID,68,6.0,0.1
161,Bobb,FUL,MID,69,5.5,0.4
162,Branthwaite,EVE,DEF,52,5.5,1.9
163,Livramento,NEW,DEF,53,5.0,0.1
164,Kamada,CRY,MID,70,5.0,0.3
165,Sadiki,SUN,MID,71,5.0,0.4
166,Kluivert,BOU,MID,72,6.0,1.1
167,Hamer,COV,MID,73,5.5,0.0
168,Diomande,NFO,DEF,54,5.5,0.1
169,Robinson,FUL,DEF,55,4.5,2.5
170,Wissa,NEW,FWD,23,6.0,1.7
171,Aina,NFO,DEF,56,4.5,4.3
172,Fatawu,IPS,MID,74,5.5,0.3
173,Berge,FUL,MID,75,5.0,0.4
174,Florentino,IPS,MID,76,5.0,0.0
175,Bijol,LEE,DEF,57,5.0,0.3
176,Ayari,BHA,MID,77,5.5,0.8
177,Konsa,AVL,DEF,58,4.5,16.3
178,Tzolakis,HUL,GK,20,4.5,0.2
179,Hume,SUN,DEF,59,4.5,4.3
180,Sangare,NFO,MID,78,5.0,0.6
181,Lukic,IPS,MID,79,5.0,0.1
182,Hinshelwood,BHA,MID,80,6.0,0.2
183,Ekitike,LIV,FWD,24,7.5,0.2
184,Madueke,ARS,MID,81,6.5,0.4
185,De Cuyper,BHA,DEF,60,4.5,1.3
186,Udogie,TOT,DEF,61,4.5,0.4
187,Munoz,LIV,MID,82,6.5,0.8
188,Mosquera,ARS,DEF,62,5.5,14.7
189,Martinelli,ARS,MID,83,6.5,0.3
190,Yarmoliuk,BRE,MID,84,5.0,1.5
191,Yeremy,CRY,MID,85,5.5,0.2
192,Garnacho,AVL,MID,86,6.0,0.9
193,Madjo,AVL,FWD,25,5.5,0.8
194,Kostoulas,BHA,FWD,26,5.5,0.3
195,Pau,AVL,DEF,63,4.5,0.3
196,Ndoye,NFO,MID,87,5.5,0.5
197,Marmoush,MCI,FWD,27,7.0,0.8
198,Richarlison,TOT,FWD,28,6.0,2.0
199,Sangare,BRE,MID,88,5.5,1.4
200,White,ARS,DEF,64,5.5,0.8
