unified_rank,player,team,position,sleeper_rank,sources_count,unified_score,sleeper_pts,sleeper_floor,sleeper_pp90
1,Bruno Fernandes,MUN,MID,1,1,0.002369668246445498,468.23,333.34,15.05
2,Erling Haaland,MCI,FWD,2,1,0.004739336492890996,431.81,200.66,14.39
3,Morgan Gibbs-White,NFO,MID,3,1,0.0071090047393364926,395.34,269.79,11.86
4,Bukayo Saka,ARS,MID,4,1,0.009478672985781991,393.62,281.88,14.76
5,Antoine Semenyo,MCI,FWD,5,1,0.011848341232227487,384.66,241.51,13.85
6,Dominik Szoboszlai,LIV,MID,6,1,0.014218009478672985,358.67,283.42,10.76
7,Jeremy Doku,MCI,MID,7,1,0.016587677725118485,349.13,266.0,14.28
8,Matheus Cunha,MUN,FWD,8,1,0.018957345971563982,346.36,242.67,11.99
9,Igor Thiago,BRE,FWD,9,1,0.02132701421800948,320.51,189.29,10.3
10,Florian Wirtz,LIV,MID,10,1,0.023696682464454975,319.27,232.69,11.49
11,Ollie Watkins,AVL,FWD,11,1,0.026066350710900472,315.79,160.17,10.93
12,Joao Pedro,CHE,FWD,12,1,0.02843601895734597,314.33,186.35,10.48
13,Rayan Cherki,MCI,MID,13,1,0.030805687203791468,312.99,213.24,15.65
14,Cody Gakpo,LIV,FWD,14,1,0.03317535545023697,312.23,213.28,13.38
15,Bryan Mbeumo,MUN,FWD,15,1,0.035545023696682464,304.55,198.32,10.54
16,Gabriel,ARS,DEF,16,1,0.037914691943127965,303.82,186.99,9.77
17,Cole Palmer,CHE,MID,17,1,0.04028436018957346,301.7,204.73,10.44
18,Neco Williams,NFO,DEF,18,1,0.04265402843601896,294.77,225.97,8.29
19,Virgil van Dijk,LIV,DEF,19,1,0.045023696682464455,286.14,202.84,8.58
20,Marcus Tavernier,BOU,MID,20,1,0.04739336492890995,285.05,225.77,10.26
21,James Tarkowski,EVE,DEF,21,1,0.04976303317535545,284.56,219.61,9.15
22,Iliman Ndiaye,EVE,MID,22,1,0.052132701421800945,278.46,207.15,9.28
23,Rayan,BOU,FWD,23,1,0.054502369668246446,277.92,186.31,10.42
24,Morgan Rogers,CHE,MID,24,1,0.05687203791469194,275.55,188.62,9.54
25,Pedro Porro,TOT,DEF,25,1,0.05924170616113744,274.19,203.58,8.81
26,Adrien Truffert,BOU,DEF,26,1,0.061611374407582936,273.04,200.0,7.68
27,Declan Rice,ARS,MID,27,1,0.06398104265402843,272.06,218.99,9.42
28,Alexander Isak,LIV,FWD,28,1,0.06635071090047394,271.9,110.34,10.64
29,Enzo Le Fee,SUN,MID,29,1,0.06872037914691943,270.97,216.21,8.71
30,Dominic Calvert-Lewin,LEE,FWD,30,1,0.07109004739336493,270.39,173.92,8.69
31,Diego Gomez,BHA,MID,31,1,0.07345971563981042,265.55,214.16,8.85
32,Phil Foden,MCI,MID,32,1,0.07582938388625593,262.33,175.29,11.24
33,Anton Stach,LEE,MID,33,1,0.07819905213270142,262.19,230.03,9.44
34,Kiernan Dewsbury-Hall,EVE,MID,34,1,0.08056872037914692,262.12,189.18,8.43
35,Alex Iwobi,FUL,MID,35,1,0.08293838862559241,261.34,212.59,8.71
36,Amad Diallo,MUN,MID,36,1,0.08530805687203792,255.9,201.16,10.47
37,Youri Tielemans,MUN,MID,37,1,0.08767772511848342,255.77,214.55,9.59
38,Malick Thiaw,NEW,DEF,38,1,0.09004739336492891,255.72,190.91,7.67
39,Ryan Gravenberch,LIV,MID,39,1,0.0924170616113744,255.46,221.64,7.66
40,Benjamin Sesko,MUN,FWD,40,1,0.0947867298578199,252.77,146.11,11.37
41,Pascal Gross,BHA,MID,41,1,0.0971563981042654,250.46,217.93,9.02
42,Matheus Nunes,MCI,DEF,42,1,0.0995260663507109,249.08,142.51,8.62
43,Kai Havertz,ARS,FWD,43,1,0.1018957345971564,248.41,143.94,10.65
44,Michael Kayode,BRE,DEF,44,1,0.10426540284360189,246.29,191.47,6.93
45,Nico O'Reilly,MCI,DEF,45,1,0.1066350710900474,245.02,132.98,8.82
46,Elliot Anderson,MCI,MID,46,1,0.10900473933649289,244.66,225.89,8.16
47,Emiliano Buendia,AVL,MID,47,1,0.11137440758293839,243.73,166.42,9.97
48,Yankuba Minteh,BHA,MID,48,1,0.11374407582938388,243.39,198.55,10.43
49,Nordi Mukiele,SUN,DEF,49,1,0.11611374407582939,241.71,181.73,7.77
50,Robin Roefs,SUN,GK,50,1,0.11848341232227488,241.39,187.95,6.35
51,Chris Richards,CRY,DEF,51,1,0.12085308056872038,240.65,185.75,7.22
52,John McGinn,AVL,MID,52,1,0.12322274881516587,239.71,184.28,7.7
53,Igor Jesus,NFO,FWD,53,1,0.12559241706161137,238.0,133.79,9.74
54,James Garner,EVE,MID,54,1,0.12796208530805686,237.81,222.59,7.64
55,Jarrad Branthwaite,EVE,DEF,55,1,0.13033175355450238,237.21,171.8,8.21
56,Gonzalo Garcia,FUL,FWD,56,1,0.13270142180094788,236.94,148.44,8.89
57,David Raya,ARS,GK,57,1,0.13507109004739337,236.63,100.21,6.23
58,Enzo Fernandez,CHE,MID,58,1,0.13744075829383887,234.89,198.14,8.81
59,James Maddison,TOT,MID,59,1,0.13981042654028436,234.49,165.74,11.72
60,Alexis Mac Allister,LIV,MID,60,1,0.14218009478672985,234.3,192.07,8.43
61,Gianluigi Donnarumma,MCI,GK,61,1,0.14454976303317535,232.99,137.74,6.13
62,Nathan Collins,BRE,DEF,62,1,0.14691943127962084,232.01,178.4,6.96
63,Riccardo Calafiori,ARS,DEF,63,1,0.14928909952606634,231.99,148.19,9.94
64,Caoimhin Kelleher,BRE,GK,64,1,0.15165876777251186,231.98,161.28,6.1
65,Chris Wood,NFO,FWD,65,1,0.15402843601895735,230.5,123.02,10.92
66,Georginio Rutter,BHA,FWD,66,1,0.15639810426540285,229.88,162.27,8.28
67,Dango Ouattara,BRE,MID,67,1,0.15876777251184834,229.36,168.58,8.6
68,Kevin Schade,BRE,FWD,68,1,0.16113744075829384,229.29,163.32,9.38
69,Alex Scott,BOU,MID,69,1,0.16350710900473933,229.14,225.33,7.64
70,Jan Paul van Hecke,TOT,DEF,70,1,0.16587677725118483,228.31,171.65,7.34
71,Jurrien Timber,ARS,DEF,71,1,0.16824644549763032,227.58,128.35,9.31
72,Ismaila Sarr,CRY,MID,72,1,0.17061611374407584,227.24,154.69,8.18
73,Lukas Hornicek,NEW,GK,73,1,0.17298578199052134,225.71,162.12,5.94
74,Mohamed Belloumi,HUL,MID,74,1,0.17535545023696683,223.96,198.55,10.08
75,Mikkel Damsgaard,BRE,MID,75,1,0.17772511848341233,223.01,174.75,9.12
76,Vitaliy Mykolenko,EVE,DEF,76,1,0.18009478672985782,222.53,157.34,6.68
77,Djordje Petrovic,BOU,GK,77,1,0.18246445497630331,220.13,158.13,5.79
78,Jean-Philippe Mateta,CRY,FWD,78,1,0.1848341232227488,220.04,127.53,9.9
79,Jordan Pickford,EVE,GK,79,1,0.1872037914691943,218.89,139.66,5.76
80,Milos Kerkez,LIV,DEF,80,1,0.1895734597156398,218.8,142.7,7.03
81,Jake O'Brien,EVE,DEF,81,1,0.19194312796208532,217.67,164.08,6.53
82,Martin Odegaard,ARS,MID,82,1,0.1943127962085308,217.5,149.14,10.87
83,Kaoru Mitoma,BHA,MID,83,1,0.1966824644549763,217.37,174.64,9.78
84,Will Osula,NEW,FWD,84,1,0.1990521327014218,216.12,124.62,10.81
85,Ian Maatsen,AVL,DEF,85,1,0.2014218009478673,215.42,157.37,8.08
86,Charalampos Kostoulas,BHA,FWD,86,1,0.2037914691943128,215.06,142.99,12.1
87,Jack Hinshelwood,BHA,MID,87,1,0.20616113744075829,214.98,147.94,7.74
88,Omar Alderete,SUN,DEF,88,1,0.20853080568720378,213.86,175.75,6.87
89,Emiliano Martinez,AVL,GK,89,1,0.2109004739336493,213.64,152.03,5.62
90,Daniel Ballard,SUN,DEF,90,1,0.2132701421800948,213.47,180.58,8.01
91,Josko Gvardiol,MCI,DEF,91,1,0.2156398104265403,213.43,125.73,8.35
92,James Trafford,LEE,GK,92,1,0.21800947867298578,213.0,178.18,5.61
93,Alisson,LIV,GK,93,1,0.22037914691943128,212.43,129.75,5.59
94,Lewis Miley,NEW,MID,94,1,0.22274881516587677,209.86,168.88,7.87
95,Harvey Barnes,NEW,MID,95,1,0.22511848341232227,209.34,140.21,9.42
96,Ethan Ampadu,LEE,MID,96,1,0.22748815165876776,209.21,215.86,5.88
97,Oliver McBurnie,HUL,FWD,97,1,0.22985781990521326,208.93,157.31,7.83
98,Thierno Barry,EVE,FWD,98,1,0.23222748815165878,208.87,135.91,9.4
99,Bruno Guimaraes,ARS,MID,99,1,0.23459715639810427,208.67,158.49,8.54
100,Marcos Senesi,TOT,DEF,100,1,0.23696682464454977,208.65,164.97,7.51
101,Carl Rushworth,COV,GK,101,1,0.23933649289099526,208.3,158.55,5.48
102,Robert Sanchez,CHE,GK,102,1,0.24170616113744076,208.26,147.19,5.48
103,Dean Henderson,CRY,GK,103,1,0.24407582938388625,206.51,138.65,5.43
104,Matz Sels,NFO,GK,104,1,0.24644549763033174,206.33,141.45,5.43
105,Antonee Robinson,FUL,DEF,105,1,0.24881516587677724,205.89,160.64,8.42
106,Tyrick Mitchell,CRY,DEF,106,1,0.25118483412322273,205.71,136.53,6.17
107,Diogo Dalot,MUN,DEF,107,1,0.25355450236966826,205.6,159.16,7.12
108,Christos Tzolis,ARS,FWD,108,1,0.2559241706161137,204.86,139.2,10.24
109,Abdul Fatawu,IPS,FWD,109,1,0.25829383886255924,204.59,179.17,8.77
110,Dominic Solanke,TOT,FWD,110,1,0.26066350710900477,202.91,126.5,9.13
111,Antonin Kinsky,TOT,GK,111,1,0.26303317535545023,201.58,133.64,5.3
112,Marc Guehi,MCI,DEF,112,1,0.26540284360189575,201.2,134.08,9.05
113,Alysson,AVL,FWD,113,1,0.2677725118483412,200.37,127.39,12.88
114,Harry Wilson,LEE,MID,114,1,0.27014218009478674,199.74,148.26,8.17
115,James Hill,BOU,DEF,115,1,0.2725118483412322,199.13,167.97,8.96
116,Ferdi Kadioglu,BHA,DEF,116,1,0.27488151658767773,199.04,136.48,6.4
117,Mamadou Sangare,BRE,DEF,117,1,0.2772511848341232,198.68,134.2,8.13
118,Granit Xhaka,SUN,MID,118,1,0.2796208530805687,198.44,190.23,5.95
119,Moises Caicedo,CHE,MID,119,1,0.28199052132701424,196.98,191.11,6.57
120,Murillo,NFO,DEF,120,1,0.2843601895734597,193.85,148.06,5.82
121,Junior Kroupi,BOU,FWD,121,1,0.28672985781990523,192.99,121.95,9.65
122,Callum Hudson-Odoi,NFO,FWD,122,1,0.2890995260663507,192.57,140.26,11.55
123,Bart Verbruggen,BHA,GK,123,1,0.2914691943127962,192.33,130.54,5.06
124,Nikola Milenkovic,NFO,DEF,124,1,0.2938388625592417,190.93,132.88,5.73
125,Mohammed Kudus,TOT,MID,125,1,0.2962085308056872,190.91,154.98,9.55
126,Bernd Leno,FUL,GK,126,1,0.2985781990521327,189.24,132.18,4.98
127,Bobby Thomas,COV,DEF,127,1,0.3009478672985782,188.75,157.13,6.53
128,Lewis Hall,NEW,DEF,128,1,0.3033175355450237,188.61,140.65,6.79
129,Matt Grimes,COV,MID,129,1,0.3056872037914692,187.99,180.05,6.27
130,Gustavo Hamer,COV,MID,130,1,0.3080568720379147,187.9,149.5,8.05
131,Beto,EVE,FWD,131,1,0.3104265402843602,187.62,123.78,10.55
132,Jaydee Canvot,CRY,DEF,132,1,0.3127962085308057,186.19,152.94,6.98
133,Sven Botman,NEW,DEF,133,1,0.31516587677725116,185.91,141.93,7.61
134,Ola Aina,NFO,DEF,134,1,0.3175355450236967,185.69,135.87,6.43
135,Adam Wharton,CRY,MID,135,1,0.31990521327014215,185.11,176.24,6.94
136,Dan Ndoye,NFO,FWD,136,1,0.3222748815165877,184.87,137.07,9.24
137,Alejandro Garnacho,AVL,MID,137,1,0.3246445497630332,184.85,143.83,9.24
138,Jacob Ramsey,NEW,MID,138,1,0.32701421800947866,184.68,160.49,7.55
139,Yasin Ayari,BHA,MID,139,1,0.3293838862559242,183.58,158.5,6.88
140,Justin Kluivert,BOU,MID,140,1,0.33175355450236965,182.64,139.61,9.13
141,Senne Lammens,MUN,GK,141,1,0.3341232227488152,182.3,115.0,4.8
142,Reece James,CHE,DEF,142,1,0.33649289099526064,181.26,120.25,8.16
143,Matty Cash,AVL,DEF,143,1,0.33886255924170616,180.87,121.41,5.81
144,Brian Brobbey,SUN,FWD,144,1,0.3412322274881517,179.88,114.94,6.23
145,Nick Woltemade,NEW,FWD,145,1,0.34360189573459715,179.08,99.02,8.95
146,Jack Clarke,IPS,MID,146,1,0.3459715639810427,178.7,131.21,8.94
147,Richarlison,TOT,FWD,147,1,0.34834123222748814,178.34,94.0,11.46
148,Mathias Jensen,BRE,MID,148,1,0.35071090047393366,178.29,154.23,7.29
149,Boubacar Kamara,AVL,MID,149,1,0.35308056872037913,177.77,168.25,6.4
150,Sandro Tonali,TOT,MID,150,1,0.35545023696682465,177.62,169.13,6.15
151,Nilson Angulo,SUN,MID,151,1,0.3578199052132701,177.15,151.15,7.97
152,Maxence Lacroix,CHE,DEF,152,1,0.36018957345971564,176.7,138.2,7.23
153,Yeremy Pino,CRY,MID,153,1,0.36255924170616116,176.35,143.07,7.94
154,Maxim De Cuyper,BHA,DEF,154,1,0.36492890995260663,175.24,110.48,7.89
155,Joe Rodon,LEE,DEF,155,1,0.36729857819905215,175.08,138.73,5.25
156,Noah Okafor,LEE,FWD,156,1,0.3696682464454976,174.43,134.93,9.23
157,Ruben Dias,MCI,DEF,157,1,0.37203791469194314,174.36,107.04,6.54
158,Evanilson,BOU,FWD,158,1,0.3744075829383886,173.88,117.36,7.45
159,Hayden Hackney,EVE,MID,159,1,0.3767772511848341,172.32,152.17,7.75
160,Viktor Gyokeres,ARS,FWD,160,1,0.3791469194312796,171.98,85.1,9.11
161,Victor Munoz,LIV,FWD,161,1,0.3815165876777251,169.77,127.63,10.91
162,Kristoffer Ajer,BRE,DEF,162,1,0.38388625592417064,169.29,134.54,6.35
163,Haji Wright,COV,FWD,163,1,0.3862559241706161,168.72,101.48,7.59
164,Cristhian Mosquera,ARS,DEF,164,1,0.3886255924170616,168.33,116.06,7.57
165,Joao Gomes,AVL,MID,165,1,0.3909952606635071,167.68,166.23,6.29
166,Kevin,FUL,FWD,166,1,0.3933649289099526,167.57,144.46,10.05
167,Antonio Silva,BOU,DEF,167,1,0.3957345971563981,167.51,128.57,6.28
168,Emile Smith Rowe,FUL,MID,168,1,0.3981042654028436,167.48,122.77,7.18
169,Kjell Scherpen,IPS,GK,169,1,0.4004739336492891,167.09,149.81,4.4
170,Joe Gelhardt,HUL,FWD,170,1,0.4028436018957346,165.92,133.33,7.47
171,Jeremie Frimpong,LIV,DEF,171,1,0.4052132701421801,164.42,108.93,7.4
172,Johan Manzambi,AVL,MID,172,1,0.4075829383886256,163.9,120.16,8.19
173,Joelinton,NEW,MID,173,1,0.4099526066350711,163.06,153.98,7.34
174,Mateus Fernandes,TOT,MID,174,1,0.41232227488151657,162.97,143.31,7.33
175,Dejan Kulusevski,TOT,MID,175,1,0.4146919431279621,162.47,121.14,10.44
176,Eberechi Eze,ARS,MID,176,1,0.41706161137440756,162.05,100.54,9.72
177,James Justin,LEE,DEF,177,1,0.4194312796208531,161.85,129.7,6.07
178,Lisandro Martinez,MUN,DEF,178,1,0.4218009478672986,161.69,123.14,5.2
179,Patrick Dorgu,MUN,DEF,179,1,0.42417061611374407,161.26,114.1,10.37
180,Juanlu,BOU,DEF,180,1,0.4265402843601896,161.04,126.26,5.57
181,Trai Hume,SUN,DEF,181,1,0.42890995260663506,160.94,121.82,5.57
182,Estevao,CHE,FWD,182,1,0.4312796208530806,160.43,130.42,10.31
183,Jacob Murphy,NEW,MID,183,1,0.43364928909952605,159.71,114.02,10.27
184,Milan van Ewijk,COV,DEF,184,1,0.43601895734597157,158.42,118.23,5.09
185,Joachim Andersen,FUL,DEF,185,1,0.43838862559241704,157.28,136.16,5.44
186,Sepp van den Berg,BRE,DEF,186,1,0.44075829383886256,156.25,124.42,7.03
187,Tyler Adams,BOU,MID,187,1,0.4431279620853081,154.91,153.54,6.97
188,Mathys Tel,TOT,FWD,188,1,0.44549763033175355,154.72,119.77,9.95
189,Julio Enciso,IPS,,189,1,0.44786729857819907,154.59,120.69,6.96
190,Ibrahim Sangare,NFO,MID,190,1,0.45023696682464454,152.84,149.85,6.88
191,Tarik Muharemovic,LEE,DEF,191,1,0.45260663507109006,152.62,125.12,5.72
192,Caleb Yirenkyi,COV,MID,192,1,0.4549763033175355,152.57,150.71,6.54
193,Ben White,ARS,DEF,193,1,0.45734597156398105,151.98,90.44,9.77
194,Daichi Kamada,CRY,MID,194,1,0.4597156398104265,151.68,164.14,5.46
195,Piero Hincapie,ARS,DEF,195,1,0.46208530805687204,150.72,95.12,9.69
196,Jack Rudoni,COV,MID,196,1,0.46445497630331756,149.71,105.43,8.42
197,Tatsuhiro Sakamoto,COV,MID,197,1,0.466824644549763,149.37,121.14,7.47
198,Shea Charles,FUL,DEF,198,1,0.46919431279620855,149.31,106.22,7.47
199,Josh King,FUL,MID,199,1,0.471563981042654,147.28,125.29,7.36
200,Dara O'Shea,IPS,DEF,200,1,0.47393364928909953,147.12,127.39,4.73
201,Oscar Bobb,FUL,MID,201,1,0.476303317535545,147.07,131.97,8.27
202,Kenny Tete,FUL,DEF,202,1,0.4786729857819905,146.7,114.46,6.6
203,Gabriel Gudmundsson,LEE,DEF,203,1,0.48104265402843605,146.69,126.56,5.08
204,Omari Hutchinson,NFO,FWD,204,1,0.4834123222748815,146.33,116.77,10.97
205,Yehor Yarmolyuk,BRE,MID,205,1,0.48578199052132703,146.01,150.77,5.48
206,Kobbie Mainoo,MUN,MID,206,1,0.4881516587677725,145.76,131.53,7.29
207,Habib Diarra,SUN,MID,207,1,0.490521327014218,145.74,116.77,5.47
208,Liam Millar,HUL,MID,208,1,0.4928909952606635,145.2,128.76,7.26
209,Conor Bradley,LIV,DEF,209,1,0.495260663507109,144.95,103.0,8.15
210,James McAtee,NFO,MID,210,1,0.4976303317535545,144.71,107.22,9.3
211,Aurele Amenda,COV,DEF,211,1,0.5,144.6,131.94,5.42
212,Valentino Livramento,NEW,DEF,212,1,0.5023696682464455,144.21,100.68,5.41
213,Marco Palestra,CHE,DEF,213,1,0.504739336492891,143.87,94.99,7.19
214,Mats Wieffer,BHA,DEF,214,1,0.5071090047393365,143.59,112.72,8.08
215,Luka Vuskovic,BHA,DEF,215,1,0.509478672985782,143.58,109.91,7.18
216,Ephron Mason-Clark,COV,MID,216,1,0.5118483412322274,142.98,109.98,8.58
217,Leif Davis,IPS,DEF,217,1,0.514218009478673,142.59,114.77,4.28
218,Rio Ngumoha,LIV,FWD,218,1,0.5165876777251185,142.36,106.08,16.02
219,Omar Marmoush,MCI,FWD,219,1,0.518957345971564,142.16,76.0,12.79
220,Jayden Bogle,LEE,DEF,220,1,0.5213270142180095,141.85,101.73,4.56
221,Jaka Bijol,LEE,DEF,221,1,0.523696682464455,140.35,113.8,6.32
222,Jeremy Jacquet,LIV,DEF,222,1,0.5260663507109005,140.13,96.91,7.01
223,Jaidon Anthony,BRE,MID,223,1,0.5284360189573459,139.82,103.53,8.39
224,Konstantinos Tzolakis,HUL,GK,224,1,0.5308056872037915,139.05,127.47,3.66
225,Cesar Palacios,FUL,MID,225,1,0.533175355450237,138.37,98.07,7.33
226,Brenden Aaronson,LEE,MID,226,1,0.5355450236966824,138.23,111.48,7.32
227,Pascal Struijk,BHA,DEF,227,1,0.5379146919431279,137.66,111.16,6.19
228,Levi Colwill,CHE,DEF,228,1,0.5402843601895735,137.3,103.06,6.18
229,Luke Shaw,MUN,DEF,229,1,0.542654028436019,137.29,118.84,5.15
230,Bazoumana Toure,NEW,FWD,230,1,0.5450236966824644,137.17,105.56,10.29
231,Ao Tanaka,LEE,MID,231,1,0.54739336492891,137.09,123.57,6.85
232,Rodrigo Muniz,FUL,FWD,232,1,0.5497630331753555,135.99,90.23,10.2
233,Dan Burn,NEW,DEF,233,1,0.5521327014218009,135.84,106.96,6.79
234,Takehiro Tomiyasu,CRY,DEF,234,1,0.5545023696682464,135.73,88.79,7.63
235,Anan Khalaili,CRY,DEF,235,1,0.556872037914692,135.03,89.94,8.68
236,William Saliba,ARS,DEF,236,1,0.5592417061611374,135.02,81.29,7.59
237,Sander Berge,FUL,MID,237,1,0.5616113744075829,134.19,140.62,5.03
238,Calvin Bassey,FUL,DEF,238,1,0.5639810426540285,134.02,102.06,4.31
239,Noah Sadiki,SUN,MID,239,1,0.566350710900474,133.97,147.37,4.31
240,Ryan Sessegnon,FUL,DEF,240,1,0.5687203791469194,131.9,89.15,8.48
241,Anthony Elanga,NEW,FWD,241,1,0.5710900473933649,131.38,111.97,6.57
242,Emersonn,IPS,FWD,242,1,0.5734597156398105,131.22,97.39,6.56
243,Liam Kitching,COV,DEF,243,1,0.5758293838862559,130.83,114.0,5.89
244,Micky van de Ven,TOT,DEF,244,1,0.5781990521327014,130.41,87.73,5.1
245,Ousmane Diomande,NFO,DEF,245,1,0.580568720379147,130.08,98.92,5.57
246,Aladji Bamba,NEW,MID,246,1,0.5829383886255924,127.49,117.67,8.2
247,Xaver Schlager,NFO,MID,247,1,0.5853080568720379,127.29,112.45,7.64
248,Conor Gallagher,TOT,MID,248,1,0.5876777251184834,126.73,112.41,7.13
249,Azor Matusiwa,IPS,MID,249,1,0.590047393364929,126.36,126.63,5.69
250,Noni Madueke,ARS,MID,250,1,0.5924170616113744,125.86,96.63,11.33
251,Ellis Simms,COV,FWD,251,1,0.5947867298578199,125.19,74.52,9.39
252,Ryan Christie,BOU,MID,252,1,0.5971563981042654,125.0,122.02,8.04
253,Keane Lewis-Potter,BRE,MID,253,1,0.5995260663507109,124.52,106.78,6.23
254,Ross Barkley,AVL,MID,254,1,0.6018957345971564,124.11,91.9,9.31
255,Daizen Maeda,IPS,FWD,255,1,0.6042654028436019,124.06,90.73,6.57
256,Ezri Konsa,AVL,DEF,256,1,0.6066350710900474,123.51,73.96,3.71
257,Ronald Araujo,LIV,DEF,257,1,0.6090047393364929,123.36,84.88,7.93
258,Jens Hjerto-Dahl,HUL,MID,258,1,0.6113744075829384,123.29,105.57,6.53
259,Danny Welbeck,CHE,FWD,259,1,0.6137440758293838,123.11,71.83,9.23
260,Merlin Rohl,EVE,MID,260,1,0.6161137440758294,122.88,109.23,6.14
261,Loum Tchaouna,COV,FWD,261,1,0.6184834123222749,122.62,102.51,5.81
262,Tyrique George,EVE,FWD,262,1,0.6208530805687204,122.1,101.27,10.99
263,Pedro Neto,CHE,FWD,263,1,0.6232227488151659,122.04,95.83,9.99
264,Elliot Stroud,HUL,MID,264,1,0.6255924170616114,121.33,108.09,6.82
265,Yoane Wissa,NEW,FWD,265,1,0.6279620853080569,119.25,92.03,6.31
266,Wesley Fofana,CHE,DEF,266,1,0.6303317535545023,117.24,104.09,5.86
267,Mason Mount,MUN,MID,267,1,0.6327014218009479,116.93,92.45,9.57
268,Jacob Greaves,IPS,DEF,268,1,0.6350710900473934,116.57,103.46,5.25
269,Matt Crooks,HUL,MID,269,1,0.6374407582938388,115.91,112.14,5.8
270,Hidemasa Morita,HUL,MID,270,1,0.6398104265402843,115.34,119.77,4.94
271,Sasa Lukic,IPS,MID,271,1,0.6421800947867299,114.96,119.39,5.75
272,Oscar Mingueza,CRY,DEF,272,1,0.6445497630331753,114.45,71.48,6.44
273,Hugo Ekitike,LIV,FWD,273,1,0.6469194312796208,114.41,57.48,12.87
274,Mikel Merino,ARS,MID,274,1,0.6492890995260664,114.27,70.42,10.28
275,Abdukodir Khusanov,MCI,DEF,275,1,0.6516587677725119,114.0,73.87,6.41
276,Alvaro Rodriguez,BOU,FWD,276,1,0.6540284360189573,113.88,81.46,10.25
277,Jorgen Strand Larsen,CRY,FWD,277,1,0.6563981042654028,111.74,74.57,7.18
278,Mateo Kovacic,MCI,MID,278,1,0.6587677725118484,111.68,94.0,7.18
279,Harry Maguire,MUN,DEF,279,1,0.6611374407582938,111.64,87.31,7.18
280,Dwight McNeil,CRY,MID,280,1,0.6635071090047393,111.59,81.74,8.37
281,Leny Yoro,MUN,DEF,281,1,0.6658767772511849,111.13,89.55,5.0
282,Michael Keane,EVE,DEF,282,1,0.6682464454976303,110.08,77.2,9.01
283,Jorrel Hato,CHE,DEF,283,1,0.6706161137440758,109.82,101.72,5.2
284,Marcelino Nunez,IPS,MID,284,1,0.6729857819905213,109.71,87.69,7.05
285,Curtis Jones,LIV,MID,285,1,0.6753554502369669,108.85,91.03,7.0
286,Bafode Diakite,BOU,DEF,286,1,0.6777251184834123,108.73,85.5,6.12
287,Carlos Baleba,BHA,MID,287,1,0.6800947867298578,108.01,114.6,5.4
288,Destiny Udogie,TOT,DEF,288,1,0.6824644549763034,107.89,74.51,4.86
289,Pep Chavarria,CHE,DEF,289,1,0.6848341232227488,106.58,78.11,5.99
290,Rayan Ait-Nouri,MCI,DEF,290,1,0.6872037914691943,106.21,70.64,9.56
291,Lucas Gourna-Douath,HUL,MID,291,1,0.6895734597156398,105.67,111.04,5.28
292,Florentino Luis,IPS,MID,292,1,0.6919431279620853,103.51,105.7,5.82
293,George Hirst,IPS,FWD,293,1,0.6943127962085308,103.4,62.32,6.65
294,Lewis Dunk,BHA,DEF,294,1,0.6966824644549763,102.08,80.45,5.1
295,Reinildo,SUN,DEF,295,1,0.6990521327014217,101.98,93.07,4.17
296,Frank Onyeka,COV,MID,296,1,0.7014218009478673,101.71,100.47,6.54
297,Andrey Santos,MUN,MID,297,1,0.7037914691943128,101.11,95.82,6.5
298,Brandon Thomas-Asante,COV,FWD,298,1,0.7061611374407583,100.98,62.87,9.09
299,Timothy Castagne,FUL,DEF,299,1,0.7085308056872038,99.73,77.87,6.41
300,Victor Torp,COV,MID,300,1,0.7109004739336493,99.63,79.55,8.97
301,Daniel Munoz,CRY,DEF,301,1,0.7132701421800948,99.08,68.94,8.92
302,Andrew Robertson,TOT,DEF,302,1,0.7156398104265402,97.42,66.12,6.26
303,Olivier Boscagli,BHA,DEF,303,1,0.7180094786729858,97.39,76.42,6.26
304,Regan Slater,HUL,MID,304,1,0.7203791469194313,96.57,99.88,4.83
305,Stefanos Tzimas,BHA,FWD,305,1,0.7227488151658767,95.67,57.73,12.3
306,Tyler Dibling,EVE,MID,306,1,0.7251184834123223,94.8,79.65,8.53
307,Charlie Hughes,HUL,DEF,307,1,0.7274881516587678,93.23,90.75,3.81
308,Jay Dasilva,COV,DEF,308,1,0.7298578199052133,91.53,73.94,4.12
309,Chris Rigg,SUN,MID,309,1,0.7322274881516587,91.34,74.54,6.85
310,Jefferson Lerma,CRY,MID,310,1,0.7345971563981043,91.28,97.32,5.87
311,John Egan,HUL,DEF,311,1,0.7369668246445498,91.08,83.26,4.1
312,Fabian Schar,NEW,DEF,312,1,0.7393364928909952,90.02,68.33,6.75
313,Brennan Johnson,EVE,FWD,313,1,0.7417061611374408,89.57,65.83,8.06
314,Amine Adli,BOU,FWD,314,1,0.7440758293838863,89.46,70.71,10.06
315,Lukas Nmecha,LEE,FWD,315,1,0.7464454976303317,85.65,53.2,9.64
316,Pau Torres,AVL,DEF,316,1,0.7488151658767772,84.34,51.74,3.8
317,Evann Guessand,CRY,FWD,317,1,0.7511848341232228,83.7,50.18,7.53
318,Rodrigo Bentancur,TOT,MID,318,1,0.7535545023696683,83.22,85.15,6.24
319,Christian Norgaard,EVE,MID,319,1,0.7559241706161137,81.46,77.91,7.33
320,Chadi Riad,CRY,DEF,320,1,0.7582938388625592,80.87,59.25,6.07
321,Wilson Isidor,SUN,FWD,321,1,0.7606635071090048,80.22,44.53,7.22
322,Valentin Barco,CHE,DEF,322,1,0.7630331753554502,79.96,44.49,6.0
323,Chemsdine Talbi,SUN,FWD,323,1,0.7654028436018957,79.88,55.49,5.99
324,Ryan Giles,HUL,DEF,324,1,0.7677725118483413,75.97,60.23,2.85
325,Nico Gonzalez,MCI,MID,325,1,0.7701421800947867,75.31,77.27,4.84
326,Jorge Cuenca,FUL,DEF,326,1,0.7725118483412322,73.38,63.56,4.72
327,Lewis Cook,BOU,MID,327,1,0.7748815165876777,73.27,73.62,7.33
328,David Brooks,BOU,MID,328,1,0.7772511848341233,72.81,60.12,10.92
329,Sean Steur,NEW,MID,329,1,0.7796208530805687,72.74,69.39,6.55
330,Jair Cunha,NFO,DEF,330,1,0.7819905213270142,71.07,49.67,4.57
331,Callum Wilson,BRE,FWD,331,1,0.7843601895734598,70.78,38.65,9.1
332,Rodri,MCI,MID,332,1,0.7867298578199052,69.81,61.62,7.85
333,Issa Diop,IPS,DEF,333,1,0.7890995260663507,68.75,56.98,2.58
334,Tim Iroegbunam,EVE,MID,334,1,0.7914691943127962,66.79,68.65,6.68
335,Leon Bailey,AVL,MID,335,1,0.7938388625592417,65.36,47.44,9.8
336,Noussair Mazraoui,MUN,DEF,336,1,0.7962085308056872,64.89,54.21,6.49
337,Ayden Heaven,MUN,DEF,337,1,0.7985781990521327,64.88,54.41,5.84
338,Lamare Bogarde,AVL,MID,338,1,0.8009478672985783,64.4,69.71,4.14
339,Myles Lewis-Skelly,ARS,MID,339,1,0.8033175355450237,63.72,62.76,4.78
340,Jaden Philogene,IPS,MID,340,1,0.8056872037914692,62.54,44.8,9.38
341,Tyrone Mings,AVL,DEF,341,1,0.8080568720379147,61.87,44.63,4.64
342,Brian Madjo,AVL,FWD,342,1,0.8104265402843602,60.67,35.73,9.1
343,Veljko Milosavljevic,BOU,DEF,343,1,0.8127962085308057,60.23,51.73,6.78
344,Rico Lewis,MCI,DEF,344,1,0.8151658767772512,60.04,32.01,6.75
345,Max Dowman,ARS,MID,345,1,0.8175355450236966,58.78,38.08,13.23
346,Eddie Nketiah,CRY,FWD,346,1,0.8199052132701422,58.64,46.64,8.8
347,Nicolas Dominguez,NFO,MID,347,1,0.8222748815165877,58.18,48.97,8.73
348,Kasey McAteer,IPS,MID,348,1,0.8246445497630331,57.81,48.36,6.5
349,Thomas Meunier,SUN,DEF,349,1,0.8270142180094787,56.76,37.46,5.11
350,Vitaly Janelt,BRE,MID,350,1,0.8293838862559242,55.86,51.83,6.28
351,Lewie Coyle,HUL,DEF,351,1,0.8317535545023697,54.57,53.08,2.73
352,Darnell Furlong,IPS,DEF,352,1,0.8341232227488151,54.4,45.98,2.72
353,Nobel Mendy,HUL,DEF,353,1,0.8364928909952607,54.12,54.52,2.71
354,Ryan Yates,NFO,MID,354,1,0.8388625592417062,53.98,47.6,8.1
355,Kieran Dowell,HUL,MID,355,1,0.8412322274881516,53.49,51.78,6.02
356,Sindre Egeli,IPS,MID,356,1,0.8436018957345972,53.15,40.21,5.98
357,Semi Ajayi,HUL,DEF,357,1,0.8459715639810427,51.81,45.19,3.89
358,Romeo Lavia,CHE,MID,358,1,0.8483412322274881,51.59,50.44,5.8
359,Ilia Gruev,LEE,MID,359,1,0.8507109004739336,50.57,46.89,5.69
360,Pape Sarr,TOT,MID,360,1,0.8530805687203792,50.35,42.77,7.55
361,Tammy Abraham,AVL,FWD,361,1,0.8554502369668247,49.82,25.84,11.21
362,Matt Targett,HUL,DEF,362,1,0.8578199052132701,48.47,37.56,3.64
363,Taiwo Awoniyi,NFO,FWD,363,1,0.8601895734597157,48.03,25.49,10.81
364,Gabriel Martinelli,ARS,MID,364,1,0.8625592417061612,47.81,34.09,10.76
365,Will Hughes,CRY,MID,365,1,0.8649289099526066,47.67,52.47,5.36
366,Giovanni Leoni,LIV,DEF,366,1,0.8672985781990521,46.71,32.3,7.01
367,Ben Gannon Doak,BOU,MID,367,1,0.8696682464454977,45.52,36.06,10.24
368,Jamie Gittens,CHE,FWD,368,1,0.8720379146919431,45.26,34.76,10.18
369,Oscar Zambrano,HUL,MID,369,1,0.8744075829383886,44.59,47.2,5.02
370,Martin Zubimendi,ARS,MID,370,1,0.8767772511848341,44.56,38.94,6.68
371,Savinho,MCI,MID,371,1,0.8791469194312796,43.69,37.73,9.83
372,Geovany Quenda,CHE,MID,372,1,0.8815165876777251,43.46,33.24,9.78
373,Kevin Danso,TOT,DEF,373,1,0.8838862559241706,43.45,37.02,6.52
374,Jonah Kusi-Asare,FUL,FWD,374,1,0.8862559241706162,43.29,28.09,9.74
375,Joshua Zirkzee,MUN,FWD,375,1,0.8886255924170616,42.91,29.78,9.66
376,Archie Gray,TOT,MID,376,1,0.8909952606635071,42.45,39.05,4.78
377,Jocelin Ta Bi,SUN,MID,377,1,0.8933649289099526,42.42,31.3,6.36
378,Emmanuel Emegha,CHE,FWD,378,1,0.8957345971563981,41.17,24.72,9.26
379,Josh Eccles,COV,MID,379,1,0.8981042654028436,40.82,33.9,7.35
380,Aaron Hickey,BRE,DEF,380,1,0.9004739336492891,40.06,25.24,3.0
381,Sean Longstaff,LEE,MID,381,1,0.9028436018957346,39.94,34.67,8.99
382,Luke O'Nien,SUN,DEF,382,1,0.9052132701421801,38.9,33.03,4.38
383,Xavi Simons,TOT,MID,383,1,0.9075829383886256,38.03,31.78,8.56
384,Adam Smith,BOU,DEF,384,1,0.909952606635071,37.2,28.16,4.18
385,Lucas Bergvall,TOT,MID,385,1,0.9123222748815166,35.78,28.25,8.05
386,Harrison Reed,FUL,MID,386,1,0.9146919431279621,35.09,32.07,7.89
387,Cedric Kipre,IPS,DEF,387,1,0.9170616113744076,34.98,28.59,3.93
388,Wilson Odobert,TOT,FWD,388,1,0.919431279620853,34.47,28.18,7.76
389,Josh Dasilva,BRE,MID,389,1,0.9218009478672986,34.39,24.44,7.74
390,Antoni Milambo,BRE,MID,390,1,0.9241706161137441,34.34,29.02,7.73
391,Joe Willock,NEW,MID,391,1,0.9265402843601895,34.05,30.94,7.66
392,Kaine Kesler-Hayden,COV,DEF,392,1,0.9289099526066351,33.3,22.58,7.49
393,Stefan Bajcetic,LIV,MID,393,1,0.9312796208530806,33.29,29.13,7.49
394,Joe Gomez,LIV,DEF,394,1,0.933649289099526,33.28,23.8,7.49
395,Alex Toth,BOU,MID,395,1,0.9360189573459715,32.61,36.05,7.34
396,Justin Devenny,CRY,MID,396,1,0.9383886255924171,32.5,25.49,7.31
397,Amadou Onana,AVL,MID,397,1,0.9407582938388626,32.4,28.86,7.29
398,Malo Gusto,CHE,DEF,398,1,0.943127962085308,32.13,21.93,7.23
399,Tom Cairney,FUL,MID,399,1,0.9454976303317536,31.84,28.63,7.16
400,Matthijs De Ligt,MUN,DEF,400,1,0.9478672985781991,31.68,24.06,7.13
401,Adam Aznou,EVE,DEF,401,1,0.9502369668246445,30.99,21.81,6.97
402,Daniel James,LEE,MID,402,1,0.95260663507109,30.99,29.1,6.97
403,Carlos Alcaraz,EVE,MID,403,1,0.9549763033175356,30.22,25.0,9.07
404,Wataru Endo,LIV,MID,404,1,0.957345971563981,29.46,26.69,6.63
405,Josh Acheampong,CHE,DEF,405,1,0.9597156398104265,28.51,20.47,4.28
406,Luca Netz,NFO,DEF,406,1,0.9620853080568721,26.98,19.34,6.07
407,Borna Sosa,CRY,DEF,407,1,0.9644549763033176,26.79,27.4,6.03
408,Harrison Armstrong,EVE,MID,408,1,0.966824644549763,26.79,24.9,6.03
409,Wilfried Gnonto,LEE,FWD,409,1,0.9691943127962085,26.36,27.86,5.93
410,Luke Woolfenden,COV,DEF,410,1,0.9715639810426541,24.75,21.78,5.57
411,Cheick Doucoure,CRY,MID,411,1,0.9739336492890995,24.74,26.4,5.57
412,Anis Mehmeti,IPS,MID,412,1,0.976303317535545,24.01,20.31,5.4
413,Victor Lindelof,AVL,DEF,413,1,0.9786729857819905,23.94,11.73,3.59
414,Cody Drameh,HUL,DEF,414,1,0.981042654028436,23.44,20.56,3.52
415,Jake Bidwell,COV,DEF,415,1,0.9834123222748815,22.12,16.97,4.98
416,Jack Taylor,IPS,MID,416,1,0.985781990521327,21.91,22.51,4.93
417,Sebastiaan Bornauw,LEE,DEF,417,1,0.9881516587677726,21.78,19.39,4.9
418,Rico Henry,BRE,DEF,418,1,0.990521327014218,21.6,13.64,4.86
419,Morato,NFO,DEF,419,1,0.9928909952606635,20.13,16.54,4.53
420,Joel Latibeaudiere,COV,DEF,420,1,0.995260663507109,19.82,16.53,4.46
421,Ben Johnson,IPS,DEF,421,1,0.9976303317535545,17.8,13.64,4.0
422,Lucas Herrington,HUL,DEF,422,1,1.0,12.03,12.11,2.71
