rank,player,team,position,pts,minpct,goals,assists
1,Haaland,MCI,FWD,239.0,86.0,27.0,8.0
2,B.Fernandes,MUN,MID,235.0,90.0,9.0,24.0
3,Isak,LIV,FWD,41.0,20.0,3.0,1.0
4,João Pedro,CHE,FWD,177.0,78.0,15.0,9.0
5,Palmer,CHE,MID,114.0,57.0,10.0,2.0
6,Semenyo,MCI,MID,202.0,94.0,17.0,6.0
7,Saka,ARS,MID,157.0,65.0,7.0,10.0
8,Watkins,AVL,FWD,167.0,83.0,16.0,4.0
9,Thiago,BRE,FWD,181.0,96.0,22.0,1.0
10,Rice,ARS,MID,184.0,90.0,4.0,9.0
11,Gibbs-White,NFO,MID,188.0,91.0,15.0,4.0
12,Gabriel,ARS,DEF,209.0,80.0,3.0,5.0
13,Rogers,CHE,MID,169.0,96.0,10.0,8.0
14,Mbeumo,MUN,MID,148.0,76.0,11.0,3.0
15,Calvert-Lewin,LEE,FWD,142.0,80.0,14.0,2.0
16,Šeško,MUN,FWD,111.0,48.0,11.0,2.0
17,Bruno G.,NEW,MID,154.0,72.0,9.0,7.0
18,Wirtz,LIV,MID,125.0,69.0,5.0,4.0
19,Anderson,MCI,MID,180.0,97.0,4.0,5.0
20,Havertz,ARS,FWD,36.0,17.0,2.0,3.0
21,Igor Jesus,NFO,FWD,114.0,67.0,6.0,6.0
22,Szoboszlai,LIV,MID,160.0,95.0,6.0,7.0
23,Rayan,BOU,MID,67.0,32.0,5.0,2.0
24,Cunha,MUN,MID,143.0,73.0,10.0,4.0
25,Mateta,CRY,FWD,114.0,65.0,12.0,0.0
26,Gyökeres,ARS,FWD,128.0,65.0,14.0,1.0
27,Brobbey,SUN,FWD,92.0,56.0,7.0,2.0
28,Guéhi,MCI,DEF,179.0,92.0,3.0,5.0
29,Virgil,LIV,DEF,175.0,100.0,6.0,1.0
30,J.Timber,ARS,DEF,149.0,72.0,3.0,6.0
31,O'Reilly,MCI,DEF,160.0,77.0,5.0,4.0
32,Lacroix,CHE,DEF,154.0,90.0,1.0,2.0
33,Gvardiol,MCI,DEF,79.0,40.0,2.0,2.0
34,Evanilson,BOU,FWD,115.0,80.0,6.0,7.0
35,Doku,MCI,MID,120.0,52.0,5.0,8.0
36,Cherki,MCI,MID,135.0,52.0,4.0,13.0
37,Foden,MCI,MID,131.0,61.0,7.0,5.0
38,Sarr,CRY,MID,117.0,64.0,9.0,2.0
39,Garner,EVE,MID,159.0,100.0,2.0,7.0
40,Tavernier,BOU,MID,137.0,80.0,7.0,4.0
41,Dewsbury-Hall,EVE,MID,151.0,77.0,8.0,7.0
42,Georginio,BHA,FWD,87.0,52.0,3.0,5.0
43,Wissa,NEW,FWD,27.0,15.0,1.0,1.0
44,Beto,EVE,FWD,104.0,45.0,9.0,1.0
45,Muñoz,CRY,DEF,136.0,70.0,4.0,4.0
46,Tarkowski,EVE,DEF,170.0,97.0,2.0,3.0
47,Matheus N.,MCI,DEF,154.0,84.0,1.0,8.0
48,Calafiori,ARS,DEF,109.0,50.0,1.0,2.0
49,Raya,ARS,GK,162.0,97.0,0.0,0.0
50,Groß,BHA,MID,78.0,48.0,1.0,6.0
51,Gakpo,LIV,MID,131.0,80.0,7.0,5.0
52,O.Dango,BRE,MID,136.0,66.0,7.0,8.0
53,Wilson,LEE,MID,168.0,78.0,10.0,9.0
54,Pedro Porro,TOT,DEF,117.0,82.0,1.0,3.0
55,N.Williams,NFO,DEF,128.0,94.0,2.0,3.0
56,Senesi,TOT,DEF,175.0,96.0,0.0,6.0
57,Mosquera,ARS,DEF,40.0,29.0,0.0,0.0
58,Tzolis,ARS,MID,,,,
59,Enzo,CHE,MID,157.0,91.0,10.0,5.0
60,Kluivert,BOU,MID,41.0,28.0,2.0,0.0
61,Kudus,TOT,MID,75.0,45.0,2.0,6.0
62,Ødegaard,ARS,MID,74.0,40.0,1.0,7.0
63,Eze,ARS,MID,113.0,55.0,7.0,3.0
64,Ndiaye,EVE,MID,128.0,81.0,6.0,3.0
65,Solanke,TOT,FWD,40.0,29.0,3.0,0.0
66,Richarlison,TOT,FWD,119.0,57.0,11.0,4.0
67,McBurnie,HUL,FWD,,,,
68,Wright,COV,FWD,,,,
69,Emersonn,IPS,FWD,,,,
70,Strand Larsen,CRY,FWD,75.0,67.0,4.0,1.0
71,Welbeck,CHE,FWD,126.0,66.0,13.0,1.0
72,García,FUL,FWD,,,,
73,Osula,NEW,FWD,76.0,24.0,7.0,1.0
74,Woltemade,NEW,FWD,108.0,55.0,8.0,4.0
75,Milenković,NFO,DEF,119.0,99.0,0.0,1.0
76,Murillo,NFO,DEF,83.0,62.0,1.0,0.0
77,Kerkez,LIV,DEF,85.0,66.0,2.0,1.0
78,Frimpong,LIV,DEF,63.0,30.0,0.0,5.0
79,Mukiele,SUN,DEF,151.0,81.0,3.0,5.0
80,Truffert,BOU,DEF,165.0,99.0,1.0,6.0
81,Donnarumma,MCI,GK,135.0,89.0,0.0,0.0
82,Kelleher,BRE,GK,143.0,97.0,0.0,0.0
83,Sels,NFO,GK,105.0,78.0,0.0,0.0
84,Pickford,EVE,GK,135.0,100.0,0.0,0.0
85,A.Becker,LIV,GK,91.0,68.0,0.0,0.0
86,E.Le Fée,SUN,MID,147.0,86.0,5.0,6.0
87,Scott,BOU,MID,136.0,83.0,3.0,2.0
88,Stach,LEE,MID,137.0,69.0,5.0,6.0
89,Ampadu,LEE,MID,134.0,91.0,1.0,4.0
90,Schade,BRE,MID,125.0,80.0,8.0,5.0
91,Neto,CHE,MID,125.0,77.0,5.0,7.0
92,Barnes,NEW,MID,106.0,57.0,7.0,1.0
93,Fernandes,TOT,MID,135.0,88.0,3.0,4.0
94,Gravenberch,LIV,MID,144.0,87.0,5.0,5.0
95,Martinelli,ARS,MID,57.0,31.0,1.0,5.0
96,Kulusevski,TOT,MID,,,,
97,Maddison,TOT,MID,3.0,1.0,0.0,0.0
98,Van Hecke,TOT,DEF,148.0,94.0,3.0,3.0
99,Collins,BRE,DEF,129.0,87.0,1.0,2.0
100,Canvot,CRY,DEF,72.0,39.0,0.0,0.0
101,Alderete,SUN,DEF,125.0,82.0,1.0,1.0
102,Ballard,SUN,DEF,116.0,63.0,2.0,2.0
103,Hill,BOU,DEF,110.0,61.0,0.0,3.0
104,Vuskovic,BHA,DEF,,,,
105,Muharemović,LEE,DEF,,,,
106,Florentino,IPS,MID,,,,
107,Sangaré,BRE,MID,,,,
108,Garnacho,AVL,MID,56.0,37.0,1.0,4.0
109,Tel,TOT,MID,78.0,39.0,4.0,2.0
110,Ngumoha,LIV,MID,43.0,16.0,2.0,1.0
111,Rashford,MUN,MID,,,,
112,Manzambi,AVL,MID,,,,
113,Sánchez,CHE,GK,113.0,89.0,0.0,1.0
114,Roefs,SUN,GK,136.0,92.0,0.0,0.0
115,Lammens,MUN,GK,109.0,84.0,0.0,0.0
116,Martinez,AVL,GK,120.0,83.0,0.0,1.0
117,Henderson,CRY,GK,131.0,97.0,0.0,0.0
118,Kinsky,TOT,GK,20.0,18.0,0.0,0.0
119,Trafford,LEE,GK,13.0,11.0,0.0,0.0
120,Munoz,LIV,MID,,,,
121,Gomez,BHA,MID,97.0,62.0,5.0,1.0
122,Tielemans,MUN,MID,68.0,54.0,0.0,4.0
123,Estêvão,CHE,MID,58.0,25.0,2.0,5.0
124,Xhaka,SUN,MID,124.0,85.0,1.0,6.0
125,Tonali,TOT,MID,81.0,74.0,0.0,2.0
126,Iwobi,FUL,MID,103.0,71.0,4.0,3.0
127,Okafor,LEE,MID,109.0,45.0,8.0,3.0
128,Nmecha,LEE,FWD,73.0,31.0,6.0,1.0
129,Barry,EVE,FWD,95.0,55.0,8.0,0.0
130,Wood,NFO,FWD,41.0,26.0,3.0,0.0
131,Rodríguez,BOU,FWD,,,,
132,Branthwaite,EVE,DEF,32.0,20.0,1.0,1.0
133,Konsa,AVL,DEF,100.0,89.0,0.0,1.0
134,Hincapie,ARS,DEF,87.0,52.0,1.0,2.0
135,Thiaw,NEW,DEF,126.0,87.0,4.0,0.0
136,Botman,NEW,DEF,89.0,54.0,1.0,1.0
137,Palestra,CHE,DEF,,,,
138,Keane,EVE,DEF,131.0,76.0,3.0,1.0
139,James,CHE,DEF,115.0,57.0,2.0,6.0
140,Rúben,MCI,DEF,113.0,63.0,2.0,0.0
141,Van de Ven,TOT,DEF,116.0,89.0,4.0,1.0
142,Richards,CRY,DEF,128.0,83.0,1.0,0.0
143,Petrović,BOU,GK,124.0,100.0,0.0,0.0
144,Horníček,NEW,GK,,,,
145,Leno,FUL,GK,122.0,100.0,0.0,0.0
146,Verbruggen,BHA,GK,130.0,100.0,0.0,0.0
147,Rushworth,COV,GK,,,,
148,Butland,HUL,GK,,,,
149,Scherpen,IPS,GK,,,,
150,Maguire,MUN,DEF,90.0,48.0,1.0,2.0
151,Mitchell,CRY,DEF,135.0,95.0,1.0,3.0
152,Wieffer,BHA,DEF,94.0,56.0,2.0,4.0
153,Bijol,LEE,DEF,99.0,55.0,1.0,3.0
154,Udogie,TOT,DEF,29.0,39.0,0.0,1.0
155,Struijk,BHA,DEF,108.0,86.0,0.0,1.0
156,Bogle,LEE,DEF,96.0,82.0,1.0,5.0
157,Justin,LEE,DEF,94.0,55.0,2.0,1.0
158,De Cuyper,BHA,DEF,84.0,41.0,2.0,3.0
159,Jacquet,LIV,DEF,,,,
160,Elanga,NEW,MID,48.0,38.0,0.0,1.0
